{
  "type": "FeatureCollection",
  "features": [
    {
      "type": "Feature",
      "properties": {
        "kind": "axis",
        "id": "T3",
        "name": "Palma-Manacor"
      },
      "geometry": {
        "type": "LineString",
        "coordinates": [
          [
            2.65436975,
            39.57611336
          ],
          [
            2.65447838,
            39.57617021
          ],
          [
            2.65454275,
            39.57620536
          ],
          [
            2.65460042,
            39.57623844
          ],
          [
            2.6546487,
            39.57626738
          ],
          [
            2.65468625,
            39.57629943
          ],
          [
            2.65587581,
            39.57711707
          ],
          [
            2.65637336,
            39.5774954
          ],
          [
            2.65673948,
            39.57775485
          ],
          [
            2.65705732,
            39.57798019
          ],
          [
            2.6572491,
            39.57811457
          ],
          [
            2.65749989,
            39.57827995
          ],
          [
            2.65796391,
            39.57860452
          ],
          [
            2.65840782,
            39.57898594
          ],
          [
            2.65870286,
            39.57921334
          ],
          [
            2.65890403,
            39.57936322
          ],
          [
            2.65953569,
            39.57983663
          ],
          [
            2.65976367,
            39.57999891
          ],
          [
            2.66023977,
            39.580309
          ],
          [
            2.66042216,
            39.58042684
          ],
          [
            2.66088886,
            39.58073796
          ],
          [
            2.66124828,
            39.58098706
          ],
          [
            2.66154332,
            39.58119585
          ],
          [
            2.66182361,
            39.58139948
          ],
          [
            2.66209317,
            39.58158243
          ],
          [
            2.66236005,
            39.58176848
          ],
          [
            2.66268326,
            39.58199174
          ],
          [
            2.66294477,
            39.58217882
          ],
          [
            2.66352681,
            39.58257365
          ],
          [
            2.66379638,
            39.58275557
          ],
          [
            2.66413836,
            39.58300983
          ],
          [
            2.66435562,
            39.58321655
          ],
          [
            2.66460774,
            39.58344497
          ],
          [
            2.6650892,
            39.58371784
          ],
          [
            2.66563503,
            39.58396797
          ],
          [
            2.66570208,
            39.58405169
          ],
          [
            2.66618121,
            39.58436758
          ],
          [
            2.66679045,
            39.58480515
          ],
          [
            2.66735183,
            39.58518372
          ],
          [
            2.6679834,
            39.58560162
          ],
          [
            2.66848418,
            39.58594823
          ],
          [
            2.66899772,
            39.58630712
          ],
          [
            2.66954316,
            39.58668077
          ],
          [
            2.6701492,
            39.58712078
          ],
          [
            2.67059576,
            39.58742559
          ],
          [
            2.67149207,
            39.58804504
          ],
          [
            2.67224484,
            39.58856862
          ],
          [
            2.6728445,
            39.58898404
          ],
          [
            2.67348244,
            39.58943387
          ],
          [
            2.67423521,
            39.58994761
          ],
          [
            2.67469453,
            39.59026716
          ],
          [
            2.67509962,
            39.59054492
          ],
          [
            2.67530914,
            39.59070007
          ],
          [
            2.67546404,
            39.59081014
          ],
          [
            2.67592672,
            39.59113362
          ],
          [
            2.67644707,
            39.59149378
          ],
          [
            2.67696138,
            39.59185343
          ],
          [
            2.67748039,
            39.59221307
          ],
          [
            2.67799604,
            39.59257013
          ],
          [
            2.67851371,
            39.59292822
          ],
          [
            2.679024,
            39.5932863
          ],
          [
            2.67945785,
            39.59358858
          ],
          [
            2.6798461,
            39.59385883
          ],
          [
            2.68015522,
            39.59405983
          ],
          [
            2.68047642,
            39.59426186
          ],
          [
            2.68079292,
            39.59445305
          ],
          [
            2.68105309,
            39.59461013
          ],
          [
            2.68126633,
            39.59474085
          ],
          [
            2.68152717,
            39.5949
          ],
          [
            2.68186044,
            39.59510203
          ],
          [
            2.68218901,
            39.59529786
          ],
          [
            2.68251356,
            39.59548388
          ],
          [
            2.68283274,
            39.59565077
          ],
          [
            2.68319215,
            39.59581715
          ],
          [
            2.68354084,
            39.59596182
          ],
          [
            2.68390965,
            39.59610082
          ],
          [
            2.68428448,
            39.59622637
          ],
          [
            2.68470224,
            39.59634883
          ],
          [
            2.68510993,
            39.59645475
          ],
          [
            2.6855706,
            39.59657256
          ],
          [
            2.68601183,
            39.59668468
          ],
          [
            2.68648658,
            39.59680352
          ],
          [
            2.68687416,
            39.59690324
          ],
          [
            2.68721748,
            39.59698798
          ],
          [
            2.68751588,
            39.59706135
          ],
          [
            2.68786121,
            39.59714609
          ],
          [
            2.68831987,
            39.59726493
          ],
          [
            2.68887643,
            39.59740754
          ],
          [
            2.6894122,
            39.59754136
          ],
          [
            2.68996808,
            39.59767931
          ],
          [
            2.69051928,
            39.59781933
          ],
          [
            2.6911382,
            39.59797227
          ],
          [
            2.69165989,
            39.59811074
          ],
          [
            2.6919147,
            39.59818463
          ],
          [
            2.69226942,
            39.59830192
          ],
          [
            2.69263822,
            39.59843419
          ],
          [
            2.69298892,
            39.59857473
          ],
          [
            2.6933879,
            39.59875866
          ],
          [
            2.69377548,
            39.59895707
          ],
          [
            2.69415635,
            39.59917097
          ],
          [
            2.69450236,
            39.59939521
          ],
          [
            2.69484367,
            39.59963184
          ],
          [
            2.69521516,
            39.59990155
          ],
          [
            2.69564163,
            39.60021258
          ],
          [
            2.69614789,
            39.60057786
          ],
          [
            2.69666154,
            39.60095245
          ],
          [
            2.69717719,
            39.60132651
          ],
          [
            2.69767206,
            39.60168559
          ],
          [
            2.69818101,
            39.60205396
          ],
          [
            2.6986799,
            39.60241613
          ],
          [
            2.69919287,
            39.60278657
          ],
          [
            2.69970652,
            39.60315804
          ],
          [
            2.70021681,
            39.60352951
          ],
          [
            2.7007157,
            39.60389168
          ],
          [
            2.70122532,
            39.60425797
          ],
          [
            2.70175908,
            39.6046439
          ],
          [
            2.7022345,
            39.60498488
          ],
          [
            2.70274546,
            39.60535737
          ],
          [
            2.70325977,
            39.60573089
          ],
          [
            2.70378079,
            39.60610648
          ],
          [
            2.70428974,
            39.60647431
          ],
          [
            2.70481076,
            39.60685093
          ],
          [
            2.70533245,
            39.60723116
          ],
          [
            2.70584542,
            39.60760312
          ],
          [
            2.70636577,
            39.60797663
          ],
          [
            2.70688008,
            39.60835272
          ],
          [
            2.70739638,
            39.60872425
          ],
          [
            2.70791054,
            39.60909605
          ],
          [
            2.70842083,
            39.60946852
          ],
          [
            2.70893917,
            39.60983995
          ],
          [
            2.70945952,
            39.61021758
          ],
          [
            2.70997303,
            39.61058754
          ],
          [
            2.71047393,
            39.61095638
          ],
          [
            2.71098422,
            39.61132367
          ],
          [
            2.71160918,
            39.61176948
          ],
          [
            2.71192568,
            39.61200556
          ],
          [
            2.71239574,
            39.61234444
          ],
          [
            2.71290871,
            39.61271482
          ],
          [
            2.71341229,
            39.61307901
          ],
          [
            2.71392325,
            39.61345094
          ],
          [
            2.71443556,
            39.6138208
          ],
          [
            2.71494384,
            39.61418756
          ],
          [
            2.71540853,
            39.61452384
          ],
          [
            2.71587993,
            39.61486684
          ],
          [
            2.71634261,
            39.61520157
          ],
          [
            2.71685424,
            39.615574
          ],
          [
            2.71730485,
            39.6158984
          ],
          [
            2.71768841,
            39.61617733
          ],
          [
            2.71806995,
            39.6164542
          ],
          [
            2.71849374,
            39.61676103
          ],
          [
            2.71900537,
            39.61712726
          ],
          [
            2.71951968,
            39.61750175
          ],
          [
            2.72002528,
            39.61786953
          ],
          [
            2.72054161,
            39.61824195
          ],
          [
            2.72105391,
            39.61861127
          ],
          [
            2.72147636,
            39.61891499
          ],
          [
            2.72180962,
            39.61916499
          ],
          [
            2.72213216,
            39.61943255
          ],
          [
            2.72243323,
            39.61970734
          ],
          [
            2.72271688,
            39.61999246
          ],
          [
            2.7229804,
            39.62028946
          ],
          [
            2.72322046,
            39.62058955
          ],
          [
            2.72344644,
            39.62090721
          ],
          [
            2.72365163,
            39.62123365
          ],
          [
            2.72383603,
            39.62156008
          ],
          [
            2.72399763,
            39.62189426
          ],
          [
            2.72418807,
            39.62231934
          ],
          [
            2.72436442,
            39.62270878
          ],
          [
            2.72452066,
            39.62304606
          ],
          [
            2.72469232,
            39.62342517
          ],
          [
            2.72483381,
            39.62374333
          ],
          [
            2.7249411,
            39.62397523
          ],
          [
            2.72507856,
            39.62427841
          ],
          [
            2.72520798,
            39.62455731
          ],
          [
            2.7253099,
            39.62478044
          ],
          [
            2.72545541,
            39.62510375
          ],
          [
            2.7256378,
            39.62550248
          ],
          [
            2.72577594,
            39.62580152
          ],
          [
            2.72593553,
            39.62615995
          ],
          [
            2.7260797,
            39.62645279
          ],
          [
            2.7262299,
            39.62670225
          ],
          [
            2.7264029,
            39.62693879
          ],
          [
            2.72660675,
            39.62716552
          ],
          [
            2.72680188,
            39.62734628
          ],
          [
            2.72703724,
            39.62753273
          ],
          [
            2.72730748,
            39.62771607
          ],
          [
            2.72758442,
            39.62787359
          ],
          [
            2.72788549,
            39.62801562
          ],
          [
            2.72820132,
            39.62813854
          ],
          [
            2.72852721,
            39.62823925
          ],
          [
            2.72897447,
            39.6283415
          ],
          [
            2.72953706,
            39.62846029
          ],
          [
            2.73015531,
            39.62859095
          ],
          [
            2.73077222,
            39.6287242
          ],
          [
            2.73127111,
            39.62885331
          ],
          [
            2.7317633,
            39.6289974
          ],
          [
            2.7322414,
            39.6291575
          ],
          [
            2.73271079,
            39.62934084
          ],
          [
            2.73316207,
            39.62953813
          ],
          [
            2.73355635,
            39.62973076
          ],
          [
            2.73387554,
            39.62990739
          ],
          [
            2.73425105,
            39.63012481
          ],
          [
            2.73444886,
            39.63024153
          ],
          [
            2.73484113,
            39.63050853
          ],
          [
            2.73522066,
            39.63079102
          ],
          [
            2.73557472,
            39.63108487
          ],
          [
            2.73590999,
            39.6313937
          ],
          [
            2.73622381,
            39.63171389
          ],
          [
            2.73642632,
            39.6319437
          ],
          [
            2.73654836,
            39.63209192
          ],
          [
            2.73698899,
            39.63268348
          ],
          [
            2.7372485,
            39.63308681
          ],
          [
            2.73749459,
            39.6335015
          ],
          [
            2.73772392,
            39.63392083
          ],
          [
            2.73797135,
            39.63436701
          ],
          [
            2.73824695,
            39.63487981
          ],
          [
            2.73851584,
            39.63538124
          ],
          [
            2.7387854,
            39.6358806
          ],
          [
            2.73905094,
            39.63637479
          ],
          [
            2.73931983,
            39.63687415
          ],
          [
            2.73958872,
            39.63736885
          ],
          [
            2.73986149,
            39.637873
          ],
          [
            2.74012904,
            39.63837441
          ],
          [
            2.74039893,
            39.63887309
          ],
          [
            2.74066581,
            39.63936726
          ],
          [
            2.74091147,
            39.63982258
          ],
          [
            2.74116092,
            39.6402837
          ],
          [
            2.741405,
            39.64073449
          ],
          [
            2.74165042,
            39.64118734
          ],
          [
            2.74185091,
            39.64156273
          ],
          [
            2.74218619,
            39.64218288
          ],
          [
            2.74245508,
            39.64268219
          ],
          [
            2.742728,
            39.64318253
          ],
          [
            2.74299756,
            39.64368236
          ],
          [
            2.74327315,
            39.6441925
          ],
          [
            2.74353467,
            39.64467889
          ],
          [
            2.74376199,
            39.64509506
          ],
          [
            2.74394304,
            39.64542757
          ],
          [
            2.7440919,
            39.64567076
          ],
          [
            2.74426222,
            39.64590415
          ],
          [
            2.7444654,
            39.64613546
          ],
          [
            2.74468936,
            39.64633941
          ],
          [
            2.74493545,
            39.64653096
          ],
          [
            2.74520904,
            39.64670496
          ],
          [
            2.74554834,
            39.64688722
          ],
          [
            2.74594933,
            39.6470731
          ],
          [
            2.74645157,
            39.64730234
          ],
          [
            2.74685592,
            39.64748822
          ],
          [
            2.7471409,
            39.64763795
          ],
          [
            2.7474118,
            39.64780214
          ],
          [
            2.74767064,
            39.64798439
          ],
          [
            2.74790332,
            39.64818162
          ],
          [
            2.74811722,
            39.64839899
          ],
          [
            2.74829961,
            39.64862152
          ],
          [
            2.74845988,
            39.64886005
          ],
          [
            2.74858594,
            39.64910839
          ],
          [
            2.74869189,
            39.64936448
          ],
          [
            2.74878778,
            39.64962573
          ],
          [
            2.74887428,
            39.64988749
          ],
          [
            2.74899565,
            39.65023599
          ],
          [
            2.74915524,
            39.65066761
          ],
          [
            2.74928051,
            39.6510113
          ],
          [
            2.74941596,
            39.65130972
          ],
          [
            2.74955879,
            39.65156476
          ],
          [
            2.74974051,
            39.65184924
          ],
          [
            2.74994235,
            39.6521239
          ],
          [
            2.75017168,
            39.65238927
          ],
          [
            2.75041777,
            39.65263966
          ],
          [
            2.75068666,
            39.65288231
          ],
          [
            2.75096896,
            39.6531136
          ],
          [
            2.75126266,
            39.65332372
          ],
          [
            2.75158453,
            39.65353591
          ],
          [
            2.75190371,
            39.6537259
          ],
          [
            2.75224569,
            39.65389833
          ],
          [
            2.75260243,
            39.65405786
          ],
          [
            2.75297123,
            39.65420138
          ],
          [
            2.75334205,
            39.6543258
          ],
          [
            2.75372627,
            39.65443473
          ],
          [
            2.7541219,
            39.65452508
          ],
          [
            2.75452356,
            39.65459787
          ],
          [
            2.75490846,
            39.6546495
          ],
          [
            2.75530274,
            39.65468512
          ],
          [
            2.75570775,
            39.65470628
          ],
          [
            2.75611411,
            39.65470835
          ],
          [
            2.75653991,
            39.65468925
          ],
          [
            2.75695029,
            39.65465414
          ],
          [
            2.75735731,
            39.65459684
          ],
          [
            2.75775227,
            39.65452508
          ],
          [
            2.75813985,
            39.65443473
          ],
          [
            2.75858979,
            39.65430876
          ],
          [
            2.75908801,
            39.65414975
          ],
          [
            2.75968279,
            39.65395564
          ],
          [
            2.76033389,
            39.65374397
          ],
          [
            2.76097628,
            39.65353746
          ],
          [
            2.76160057,
            39.65333095
          ],
          [
            2.76226576,
            39.65311463
          ],
          [
            2.76293497,
            39.65289573
          ],
          [
            2.76354048,
            39.65269697
          ],
          [
            2.76417012,
            39.65249097
          ],
          [
            2.76476692,
            39.65229737
          ],
          [
            2.76524569,
            39.65214455
          ],
          [
            2.76568825,
            39.65202374
          ],
          [
            2.76611808,
            39.65192461
          ],
          [
            2.76660289,
            39.65184201
          ],
          [
            2.76704344,
            39.6517816
          ],
          [
            2.76750679,
            39.65174185
          ],
          [
            2.76797081,
            39.65172017
          ],
          [
            2.76843685,
            39.65172223
          ],
          [
            2.76890825,
            39.65174546
          ],
          [
            2.76937696,
            39.65178625
          ],
          [
            2.76982556,
            39.65184924
          ],
          [
            2.77022253,
            39.65192048
          ],
          [
            2.77064766,
            39.65201496
          ],
          [
            2.77097355,
            39.65210118
          ],
          [
            2.7713504,
            39.65221993
          ],
          [
            2.77172322,
            39.65234641
          ],
          [
            2.77214232,
            39.65249459
          ],
          [
            2.77283567,
            39.65273672
          ],
          [
            2.77332987,
            39.65291535
          ],
          [
            2.77388911,
            39.65311257
          ],
          [
            2.7743082,
            39.65326642
          ],
          [
            2.77478027,
            39.6534342
          ],
          [
            2.77519467,
            39.65358134
          ],
          [
            2.77579884,
            39.65380076
          ],
          [
            2.7763735,
            39.65400933
          ],
          [
            2.77673292,
            39.65413685
          ],
          [
            2.77718554,
            39.65429482
          ],
          [
            2.77761537,
            39.65444867
          ],
          [
            2.77812499,
            39.65462884
          ],
          [
            2.77841467,
            39.65473571
          ],
          [
            2.7788009,
            39.65487304
          ],
          [
            2.77927364,
            39.65504082
          ],
          [
            2.77975041,
            39.65521067
          ],
          [
            2.78022583,
            39.65538
          ],
          [
            2.78075221,
            39.65558289
          ],
          [
            2.78119947,
            39.65577803
          ],
          [
            2.78159308,
            39.65597111
          ],
          [
            2.78197262,
            39.65617864
          ],
          [
            2.78233069,
            39.65639805
          ],
          [
            2.78268541,
            39.65663965
          ],
          [
            2.78301734,
            39.6568921
          ],
          [
            2.78342101,
            39.6572163
          ],
          [
            2.78390112,
            39.65760761
          ],
          [
            2.78438565,
            39.65800075
          ],
          [
            2.78487113,
            39.65839257
          ],
          [
            2.78535259,
            39.65878387
          ],
          [
            2.78583471,
            39.65917517
          ],
          [
            2.78631416,
            39.65956338
          ],
          [
            2.78679763,
            39.65995674
          ],
          [
            2.7872831,
            39.66034907
          ],
          [
            2.78776255,
            39.66073933
          ],
          [
            2.78823998,
            39.66112597
          ],
          [
            2.7887315,
            39.66152397
          ],
          [
            2.78921362,
            39.66191732
          ],
          [
            2.78969307,
            39.66230448
          ],
          [
            2.79017453,
            39.66269576
          ],
          [
            2.79065533,
            39.66308315
          ],
          [
            2.79114112,
            39.66347887
          ],
          [
            2.79162057,
            39.66386601
          ],
          [
            2.79210202,
            39.6642578
          ],
          [
            2.79258683,
            39.66465114
          ],
          [
            2.79307097,
            39.66504498
          ],
          [
            2.79353499,
            39.66543212
          ],
          [
            2.79400639,
            39.66581409
          ],
          [
            2.79449388,
            39.66620381
          ],
          [
            2.79489272,
            39.66653059
          ],
          [
            2.7952879,
            39.66685538
          ],
          [
            2.79573417,
            39.66721605
          ],
          [
            2.79621495,
            39.66760678
          ],
          [
            2.79671183,
            39.66799649
          ],
          [
            2.7971966,
            39.6683876
          ],
          [
            2.79768052,
            39.6687802
          ],
          [
            2.7981625,
            39.6691743
          ],
          [
            2.79863859,
            39.6695609
          ],
          [
            2.79912202,
            39.66995265
          ],
          [
            2.79960203,
            39.67034668
          ],
          [
            2.80008884,
            39.67073189
          ],
          [
            2.80056646,
            39.67112242
          ],
          [
            2.80105261,
            39.67152242
          ],
          [
            2.80153272,
            39.67191262
          ],
          [
            2.8020176,
            39.67230093
          ],
          [
            2.80241591,
            39.67262867
          ],
          [
            2.80281066,
            39.67295038
          ],
          [
            2.80321769,
            39.67327451
          ],
          [
            2.80362337,
            39.67360431
          ],
          [
            2.80410081,
            39.67398263
          ],
          [
            2.8043878,
            39.67421488
          ],
          [
            2.80457824,
            39.67436765
          ],
          [
            2.80505835,
            39.67476454
          ],
          [
            2.80553311,
            39.67515678
          ],
          [
            2.80601858,
            39.67554335
          ],
          [
            2.80650004,
            39.67593559
          ],
          [
            2.80698887,
            39.67632834
          ],
          [
            2.80746832,
            39.67671903
          ],
          [
            2.80791424,
            39.67708081
          ],
          [
            2.80837222,
            39.67745033
          ],
          [
            2.80885435,
            39.67783946
          ],
          [
            2.80924662,
            39.67815273
          ],
          [
            2.8096389,
            39.67847631
          ],
          [
            2.81006201,
            39.67882518
          ],
          [
            2.81047373,
            39.67916115
          ],
          [
            2.81086936,
            39.67948525
          ],
          [
            2.8112898,
            39.67982328
          ],
          [
            2.81172968,
            39.68018298
          ],
          [
            2.8121253,
            39.68050655
          ],
          [
            2.81260341,
            39.68089876
          ],
          [
            2.81304798,
            39.68125795
          ],
          [
            2.81342282,
            39.68155004
          ],
          [
            2.81379967,
            39.68182819
          ],
          [
            2.8142134,
            39.68209861
          ],
          [
            2.81462177,
            39.68234838
          ],
          [
            2.81505025,
            39.68258783
          ],
          [
            2.81548142,
            39.68281179
          ],
          [
            2.81593069,
            39.68301925
          ],
          [
            2.81639337,
            39.68321122
          ],
          [
            2.81686678,
            39.68338461
          ],
          [
            2.81740523,
            39.68355955
          ],
          [
            2.81800337,
            39.683735
          ],
          [
            2.81864575,
            39.68392336
          ],
          [
            2.81931497,
            39.68411275
          ],
          [
            2.81996473,
            39.68430316
          ],
          [
            2.82061986,
            39.68449358
          ],
          [
            2.82128304,
            39.6846809
          ],
          [
            2.82193347,
            39.68487029
          ],
          [
            2.82259464,
            39.68505967
          ],
          [
            2.8232444,
            39.68524906
          ],
          [
            2.82389953,
            39.68543741
          ],
          [
            2.82455265,
            39.68562731
          ],
          [
            2.82520376,
            39.68581566
          ],
          [
            2.82586157,
            39.68600659
          ],
          [
            2.8265281,
            39.68619907
          ],
          [
            2.82716847,
            39.68638484
          ],
          [
            2.82782494,
            39.68657473
          ],
          [
            2.82848879,
            39.6867667
          ],
          [
            2.8291285,
            39.68695091
          ],
          [
            2.8297843,
            39.68714081
          ],
          [
            2.83043943,
            39.68732916
          ],
          [
            2.83109523,
            39.68751802
          ],
          [
            2.83175505,
            39.68770894
          ],
          [
            2.83240951,
            39.68789884
          ],
          [
            2.83306263,
            39.68808821
          ],
          [
            2.83371373,
            39.68827501
          ],
          [
            2.83436819,
            39.68846645
          ],
          [
            2.83497035,
            39.68863983
          ],
          [
            2.83545717,
            39.68879153
          ],
          [
            2.83588431,
            39.68893963
          ],
          [
            2.83635169,
            39.68912281
          ],
          [
            2.8368137,
            39.6893225
          ],
          [
            2.83725626,
            39.68953613
          ],
          [
            2.83768206,
            39.68976213
          ],
          [
            2.83810116,
            39.69000569
          ],
          [
            2.83850617,
            39.69026317
          ],
          [
            2.83888369,
            39.69052478
          ],
          [
            2.83919818,
            39.69076471
          ],
          [
            2.83951401,
            39.69102529
          ],
          [
            2.83979631,
            39.69126522
          ],
          [
            2.84000351,
            39.69144272
          ],
          [
            2.84028448,
            39.69168266
          ],
          [
            2.84048698,
            39.69186119
          ],
          [
            2.84077666,
            39.69210628
          ],
          [
            2.84115888,
            39.69243599
          ],
          [
            2.84150086,
            39.69273319
          ],
          [
            2.84187704,
            39.69305671
          ],
          [
            2.84222774,
            39.69335752
          ],
          [
            2.84261062,
            39.69368981
          ],
          [
            2.843078,
            39.6940933
          ],
          [
            2.84354671,
            39.69449678
          ],
          [
            2.84401476,
            39.6949013
          ],
          [
            2.84448347,
            39.69530529
          ],
          [
            2.84494817,
            39.69570309
          ],
          [
            2.84541621,
            39.69610554
          ],
          [
            2.84588359,
            39.69650953
          ],
          [
            2.84634895,
            39.69691042
          ],
          [
            2.84681431,
            39.69731595
          ],
          [
            2.84728102,
            39.69771632
          ],
          [
            2.84774906,
            39.69811978
          ],
          [
            2.8482151,
            39.69851963
          ],
          [
            2.84868046,
            39.69892567
          ],
          [
            2.84914784,
            39.69932603
          ],
          [
            2.84961454,
            39.69972897
          ],
          [
            2.85008259,
            39.70013036
          ],
          [
            2.85054393,
            39.70052865
          ],
          [
            2.8510113,
            39.70092745
          ],
          [
            2.8514827,
            39.7013376
          ],
          [
            2.85194873,
            39.7017395
          ],
          [
            2.85241074,
            39.70214088
          ],
          [
            2.85287745,
            39.70254173
          ],
          [
            2.85334549,
            39.70294465
          ],
          [
            2.85381287,
            39.70334448
          ],
          [
            2.8542789,
            39.70374842
          ],
          [
            2.85474762,
            39.70415133
          ],
          [
            2.85521164,
            39.7045527
          ],
          [
            2.85567767,
            39.70495509
          ],
          [
            2.85614706,
            39.70535696
          ],
          [
            2.85661108,
            39.70575935
          ],
          [
            2.85708248,
            39.70616277
          ],
          [
            2.85755187,
            39.70656309
          ],
          [
            2.85801656,
            39.70696701
          ],
          [
            2.85849064,
            39.70737094
          ],
          [
            2.85894326,
            39.70776506
          ],
          [
            2.85941131,
            39.70817208
          ],
          [
            2.85988204,
            39.70857857
          ],
          [
            2.86034539,
            39.7089763
          ],
          [
            2.86081947,
            39.7093864
          ],
          [
            2.861199,
            39.709715
          ],
          [
            2.86161139,
            39.71007042
          ],
          [
            2.86209955,
            39.71048774
          ],
          [
            2.86256223,
            39.71088545
          ],
          [
            2.8629934,
            39.71125531
          ],
          [
            2.86345675,
            39.71165663
          ],
          [
            2.86392144,
            39.71206053
          ],
          [
            2.86438748,
            39.71246236
          ],
          [
            2.86485686,
            39.71286523
          ],
          [
            2.86532826,
            39.71326757
          ],
          [
            2.86575876,
            39.71363948
          ],
          [
            2.86619327,
            39.71401241
          ],
          [
            2.86661237,
            39.71437503
          ],
          [
            2.86707907,
            39.71477272
          ],
          [
            2.8675156,
            39.71512863
          ],
          [
            2.8678891,
            39.71541388
          ],
          [
            2.86826796,
            39.71568725
          ],
          [
            2.86867231,
            39.71595083
          ],
          [
            2.86909408,
            39.71620306
          ],
          [
            2.86943405,
            39.71638875
          ],
          [
            2.86988265,
            39.71661518
          ],
          [
            2.87026688,
            39.71679365
          ],
          [
            2.8706786,
            39.71696386
          ],
          [
            2.87109434,
            39.71712272
          ],
          [
            2.87146918,
            39.71725219
          ],
          [
            2.87184536,
            39.71737031
          ],
          [
            2.87234827,
            39.71751318
          ],
          [
            2.87290818,
            39.71764935
          ],
          [
            2.87358209,
            39.71779635
          ],
          [
            2.87426337,
            39.71795005
          ],
          [
            2.87494331,
            39.71810221
          ],
          [
            2.87560582,
            39.71825179
          ],
          [
            2.87627771,
            39.71840034
          ],
          [
            2.87693686,
            39.7185494
          ],
          [
            2.87761747,
            39.71870516
          ],
          [
            2.87828735,
            39.71885732
          ],
          [
            2.87896662,
            39.71900793
          ],
          [
            2.87958554,
            39.71914358
          ],
          [
            2.88020916,
            39.71926582
          ],
          [
            2.88083679,
            39.71936743
          ],
          [
            2.88147181,
            39.71944995
          ],
          [
            2.88210682,
            39.71951391
          ],
          [
            2.88274384,
            39.71955878
          ],
          [
            2.88338556,
            39.71958405
          ],
          [
            2.88402527,
            39.71959385
          ],
          [
            2.88471795,
            39.71959385
          ],
          [
            2.88542136,
            39.71959231
          ],
          [
            2.88610935,
            39.71959385
          ],
          [
            2.88681007,
            39.71959385
          ],
          [
            2.88751147,
            39.71959179
          ],
          [
            2.88821354,
            39.71959334
          ],
          [
            2.88891091,
            39.71959024
          ],
          [
            2.88961298,
            39.71959179
          ],
          [
            2.890307,
            39.71958921
          ],
          [
            2.89101444,
            39.71958921
          ],
          [
            2.89171516,
            39.71958921
          ],
          [
            2.89240986,
            39.71958869
          ],
          [
            2.89310991,
            39.71959231
          ],
          [
            2.89381399,
            39.71958869
          ],
          [
            2.89451271,
            39.71958766
          ],
          [
            2.89521612,
            39.71958508
          ],
          [
            2.89591349,
            39.71958508
          ],
          [
            2.89661623,
            39.71958457
          ],
          [
            2.8972613,
            39.71958251
          ],
          [
            2.89790235,
            39.71958199
          ],
          [
            2.89848439,
            39.71958302
          ],
          [
            2.89900742,
            39.71957889
          ],
          [
            2.89942853,
            39.71957941
          ],
          [
            2.9001031,
            39.71957889
          ],
          [
            2.90048532,
            39.7195758
          ],
          [
            2.90085613,
            39.71956136
          ],
          [
            2.90125176,
            39.71952835
          ],
          [
            2.90163263,
            39.7194809
          ],
          [
            2.90200948,
            39.71941436
          ],
          [
            2.90238298,
            39.71933235
          ],
          [
            2.90274709,
            39.71923436
          ],
          [
            2.90310114,
            39.71912088
          ],
          [
            2.90344782,
            39.71899761
          ],
          [
            2.90378644,
            39.71887228
          ],
          [
            2.90419079,
            39.71872476
          ],
          [
            2.90480166,
            39.71849266
          ],
          [
            2.90517851,
            39.71835546
          ],
          [
            2.9055795,
            39.71820743
          ],
          [
            2.90587876,
            39.7181125
          ],
          [
            2.90640919,
            39.71792209
          ],
          [
            2.90733393,
            39.71758031
          ],
          [
            2.9085,
            39.71715352
          ],
          [
            2.90911123,
            39.71693319
          ],
          [
            2.9096345,
            39.71673714
          ],
          [
            2.91043744,
            39.71644394
          ],
          [
            2.91113438,
            39.71618543
          ],
          [
            2.91208618,
            39.71583671
          ],
          [
            2.91275831,
            39.71559034
          ],
          [
            2.91349359,
            39.71531622
          ],
          [
            2.91438675,
            39.71498137
          ],
          [
            2.91502956,
            39.71474541
          ],
          [
            2.91583927,
            39.71444526
          ],
          [
            2.91660387,
            39.71416419
          ],
          [
            2.91709105,
            39.71398202
          ],
          [
            2.9177113,
            39.713753
          ],
          [
            2.91802706,
            39.71363328
          ],
          [
            2.9184556,
            39.71346499
          ],
          [
            2.91875558,
            39.7133418
          ],
          [
            2.91899917,
            39.71323249
          ],
          [
            2.91929463,
            39.7130989
          ],
          [
            2.91955627,
            39.71296183
          ],
          [
            2.9198788,
            39.71277965
          ],
          [
            2.92015847,
            39.71260095
          ],
          [
            2.92036372,
            39.7124552
          ],
          [
            2.92053062,
            39.71233028
          ],
          [
            2.92078098,
            39.71213769
          ],
          [
            2.92097269,
            39.7119746
          ],
          [
            2.92118696,
            39.71179589
          ],
          [
            2.92168993,
            39.71132048
          ],
          [
            2.92242716,
            39.71057746
          ],
          [
            2.92288045,
            39.71016479
          ],
          [
            2.92334179,
            39.70973973
          ],
          [
            2.92377363,
            39.70933117
          ],
          [
            2.92420815,
            39.70890405
          ],
          [
            2.92463194,
            39.70847692
          ],
          [
            2.92503963,
            39.70804153
          ],
          [
            2.92536418,
            39.70767011
          ],
          [
            2.92570482,
            39.70730075
          ],
          [
            2.92604278,
            39.70694377
          ],
          [
            2.92639415,
            39.70658266
          ],
          [
            2.92675893,
            39.7062298
          ],
          [
            2.92708348,
            39.70591202
          ],
          [
            2.92737047,
            39.70563963
          ],
          [
            2.92767356,
            39.70537757
          ],
          [
            2.9280142,
            39.70512581
          ],
          [
            2.92838703,
            39.70484724
          ],
          [
            2.92875986,
            39.70456659
          ],
          [
            2.92920242,
            39.70426325
          ],
          [
            2.92972813,
            39.70389181
          ],
          [
            2.93022971,
            39.70353275
          ],
          [
            2.93076883,
            39.70314273
          ],
          [
            2.93128918,
            39.70277334
          ],
          [
            2.93182026,
            39.7023957
          ],
          [
            2.93235133,
            39.70201806
          ],
          [
            2.93285827,
            39.70165073
          ],
          [
            2.93332766,
            39.70131642
          ],
          [
            2.93384801,
            39.70094702
          ],
          [
            2.93435494,
            39.70058176
          ],
          [
            2.93486725,
            39.70021442
          ],
          [
            2.93536614,
            39.69985121
          ],
          [
            2.93587576,
            39.69948387
          ],
          [
            2.93639879,
            39.6991186
          ],
          [
            2.93690841,
            39.69875125
          ],
          [
            2.93741803,
            39.69839423
          ],
          [
            2.93791155,
            39.69804339
          ],
          [
            2.93842922,
            39.69766366
          ],
          [
            2.9389338,
            39.69730698
          ],
          [
            2.93944019,
            39.69694361
          ],
          [
            2.93995987,
            39.69657587
          ],
          [
            2.94046247,
            39.69620666
          ],
          [
            2.94097645,
            39.69583891
          ],
          [
            2.94149232,
            39.69547115
          ],
          [
            2.94200631,
            39.69510485
          ],
          [
            2.94247477,
            39.69477358
          ],
          [
            2.94291288,
            39.69448171
          ],
          [
            2.94337755,
            39.69421027
          ],
          [
            2.94385171,
            39.6939505
          ],
          [
            2.94434672,
            39.69371262
          ],
          [
            2.94492329,
            39.69344847
          ],
          [
            2.94552262,
            39.69318432
          ],
          [
            2.94612384,
            39.69292601
          ],
          [
            2.94667007,
            39.6926852
          ],
          [
            2.94714042,
            39.69247943
          ],
          [
            2.94791234,
            39.6921496
          ],
          [
            2.94852305,
            39.69187815
          ],
          [
            2.94915083,
            39.69159064
          ],
          [
            2.94951877,
            39.69143594
          ],
          [
            2.95126343,
            39.69071582
          ],
          [
            2.95164916,
            39.69048108
          ],
          [
            2.95192543,
            39.69037169
          ],
          [
            2.95222583,
            39.69025818
          ],
          [
            2.95249808,
            39.69014259
          ],
          [
            2.95287895,
            39.68997696
          ],
          [
            2.95328598,
            39.68980152
          ],
          [
            2.95373927,
            39.68960802
          ],
          [
            2.9542328,
            39.68941142
          ],
          [
            2.95475918,
            39.68919676
          ],
          [
            2.9552346,
            39.68899604
          ],
          [
            2.95573819,
            39.68877725
          ],
          [
            2.95625719,
            39.68855124
          ],
          [
            2.9567762,
            39.6883242
          ],
          [
            2.95729387,
            39.68810128
          ],
          [
            2.95780952,
            39.68787682
          ],
          [
            2.95840967,
            39.6876152
          ],
          [
            2.95884687,
            39.68742633
          ],
          [
            2.95936923,
            39.68719877
          ],
          [
            2.95988622,
            39.6869743
          ],
          [
            2.96040523,
            39.68674983
          ],
          [
            2.96092021,
            39.6865264
          ],
          [
            2.96144137,
            39.6863008
          ],
          [
            2.96196507,
            39.68607169
          ],
          [
            2.96243445,
            39.68586889
          ],
          [
            2.96287031,
            39.68567899
          ],
          [
            2.96334372,
            39.68547567
          ],
          [
            2.96378361,
            39.68528371
          ],
          [
            2.96430395,
            39.6850582
          ],
          [
            2.96476529,
            39.68485695
          ],
          [
            2.96522462,
            39.68465673
          ],
          [
            2.965635,
            39.68448695
          ],
          [
            2.96605678,
            39.68432904
          ],
          [
            2.96649197,
            39.68418765
          ],
          [
            2.96693453,
            39.68406225
          ],
          [
            2.96738246,
            39.68395491
          ],
          [
            2.96783911,
            39.68386512
          ],
          [
            2.96829575,
            39.68379339
          ],
          [
            2.96875039,
            39.68373766
          ],
          [
            2.96927073,
            39.68368141
          ],
          [
            2.96979511,
            39.68362516
          ],
          [
            2.9703121,
            39.68356994
          ],
          [
            2.97083513,
            39.68351266
          ],
          [
            2.97135615,
            39.68345745
          ],
          [
            2.97188924,
            39.68339913
          ],
          [
            2.97292793,
            39.68328612
          ],
          [
            2.97344895,
            39.68322935
          ],
          [
            2.97396527,
            39.68316743
          ],
          [
            2.97486783,
            39.68301829
          ],
          [
            2.97533454,
            39.68291043
          ],
          [
            2.97575766,
            39.68279432
          ],
          [
            2.97619821,
            39.68265292
          ],
          [
            2.97700891,
            39.68233607
          ],
          [
            2.9773985,
            39.68215803
          ],
          [
            2.97779211,
            39.68195677
          ],
          [
            2.97822644,
            39.68172548
          ],
          [
            2.97870753,
            39.68147019
          ],
          [
            2.97919033,
            39.68121371
          ],
          [
            2.97967045,
            39.68095722
          ],
          [
            2.98015794,
            39.6807059
          ],
          [
            2.98062196,
            39.68045922
          ],
          [
            2.98112152,
            39.68020015
          ],
          [
            2.98160272,
            39.67994569
          ],
          [
            2.98202583,
            39.67971294
          ],
          [
            2.98244544,
            39.67947853
          ],
          [
            2.98283436,
            39.679269
          ],
          [
            2.98326552,
            39.67903676
          ],
          [
            2.98367791,
            39.67881278
          ],
          [
            2.98450605,
            39.67837411
          ],
          [
            2.98484669,
            39.67819452
          ],
          [
            2.98513502,
            39.67804588
          ],
          [
            2.98543409,
            39.67789983
          ],
          [
            2.98574791,
            39.67775997
          ],
          [
            2.98601278,
            39.67765882
          ],
          [
            2.98628301,
            39.67757315
          ],
          [
            2.9865633,
            39.67749728
          ],
          [
            2.98684292,
            39.67744103
          ],
          [
            2.9871326,
            39.67739922
          ],
          [
            2.98742496,
            39.67737342
          ],
          [
            2.98774213,
            39.67736361
          ],
          [
            2.98804187,
            39.67737084
          ],
          [
            2.98832484,
            39.67739045
          ],
          [
            2.9886742,
            39.67742967
          ],
          [
            2.98907117,
            39.67748489
          ],
          [
            2.98946545,
            39.67754321
          ],
          [
            2.98986711,
            39.6776005
          ],
          [
            2.99027615,
            39.67765985
          ],
          [
            2.9906825,
            39.67771146
          ],
          [
            2.99106807,
            39.67775584
          ],
          [
            2.99147308,
            39.67778061
          ],
          [
            2.9918781,
            39.67779506
          ],
          [
            2.99228177,
            39.67779455
          ],
          [
            2.99268209,
            39.67778061
          ],
          [
            2.99303011,
            39.67775842
          ],
          [
            2.99337276,
            39.67772797
          ],
          [
            2.99371809,
            39.67768565
          ],
          [
            2.99406007,
            39.67763611
          ],
          [
            2.99445503,
            39.67757263
          ],
          [
            2.99490765,
            39.67749728
          ],
          [
            2.99540118,
            39.6774178
          ],
          [
            2.99591281,
            39.67733626
          ],
          [
            2.99643249,
            39.67725059
          ],
          [
            2.99694613,
            39.67716595
          ],
          [
            2.99745776,
            39.67708492
          ],
          [
            2.99797543,
            39.6770008
          ],
          [
            2.99847968,
            39.67691926
          ],
          [
            2.99894237,
            39.67684339
          ],
          [
            2.99933799,
            39.67677836
          ],
          [
            2.99973831,
            39.67670766
          ],
          [
            3.00008834,
            39.67663437
          ],
          [
            3.00042295,
            39.6765487
          ],
          [
            3.00073743,
            39.67644496
          ],
          [
            3.00104723,
            39.67632265
          ],
          [
            3.00134227,
            39.67618227
          ],
          [
            3.00162189,
            39.67602692
          ],
          [
            3.00188743,
            39.67585403
          ],
          [
            3.00213487,
            39.67566875
          ],
          [
            3.0023709,
            39.67546695
          ],
          [
            3.00258481,
            39.67524864
          ],
          [
            3.00277189,
            39.67502568
          ],
          [
            3.00293819,
            39.67478878
          ],
          [
            3.0030837,
            39.67454518
          ],
          [
            3.0032044,
            39.67429228
          ],
          [
            3.00329961,
            39.67403268
          ],
          [
            3.00336935,
            39.67376894
          ],
          [
            3.00341307,
            39.67349957
          ],
          [
            3.00343318,
            39.67322861
          ],
          [
            3.00344257,
            39.67291583
          ],
          [
            3.0034419,
            39.67255971
          ],
          [
            3.00344727,
            39.67214784
          ],
          [
            3.00345062,
            39.67170706
          ],
          [
            3.00345186,
            39.67124713
          ],
          [
            3.00344918,
            39.67079293
          ],
          [
            3.00345387,
            39.6703444
          ],
          [
            3.00345677,
            39.66989813
          ],
          [
            3.00346375,
            39.66943819
          ],
          [
            3.00346744,
            39.66899647
          ],
          [
            3.0034661,
            39.66854896
          ],
          [
            3.0034723,
            39.66809993
          ],
          [
            3.0034723,
            39.66766636
          ],
          [
            3.00346166,
            39.66723889
          ],
          [
            3.00343227,
            39.66687824
          ],
          [
            3.00338667,
            39.66656698
          ],
          [
            3.00332699,
            39.66625831
          ],
          [
            3.00323915,
            39.66594654
          ],
          [
            3.00312985,
            39.66564561
          ],
          [
            3.00300177,
            39.66534623
          ],
          [
            3.00286165,
            39.66505485
          ],
          [
            3.00271681,
            39.66475701
          ],
          [
            3.00254917,
            39.6644251
          ],
          [
            3.00238689,
            39.66409577
          ],
          [
            3.00222395,
            39.66375147
          ],
          [
            3.00206235,
            39.66341337
          ],
          [
            3.00189806,
            39.66307526
          ],
          [
            3.00175993,
            39.66278154
          ],
          [
            3.00161509,
            39.66244033
          ],
          [
            3.00150244,
            39.66213267
          ],
          [
            3.00139756,
            39.66178071
          ],
          [
            3.00131103,
            39.66142448
          ],
          [
            3.00125001,
            39.66106777
          ],
          [
            3.00121447,
            39.66070281
          ],
          [
            3.00119757,
            39.66034834
          ],
          [
            3.0012036,
            39.65998079
          ],
          [
            3.00122305,
            39.65962459
          ],
          [
            3.00124262,
            39.65922333
          ],
          [
            3.00127145,
            39.65881448
          ],
          [
            3.00129894,
            39.65841222
          ],
          [
            3.00133314,
            39.65800285
          ],
          [
            3.0013637,
            39.65759831
          ],
          [
            3.00139569,
            39.65719366
          ],
          [
            3.00142587,
            39.65683539
          ],
          [
            3.00148755,
            39.65646789
          ],
          [
            3.00156265,
            39.65611374
          ],
          [
            3.00165939,
            39.65576341
          ],
          [
            3.00177472,
            39.65543817
          ],
          [
            3.001937,
            39.65506956
          ],
          [
            3.00210262,
            39.65474019
          ],
          [
            3.00227362,
            39.65440926
          ],
          [
            3.00242516,
            39.65411706
          ],
          [
            3.00259414,
            39.65379181
          ],
          [
            3.0028145,
            39.65337625
          ],
          [
            3.00299622,
            39.65302725
          ],
          [
            3.00319203,
            39.65264934
          ],
          [
            3.00337911,
            39.65228124
          ],
          [
            3.00356619,
            39.65194927
          ],
          [
            3.00374523,
            39.65166583
          ],
          [
            3.00394371,
            39.65138962
          ],
          [
            3.00416634,
            39.65112424
          ],
          [
            3.00441176,
            39.65087281
          ],
          [
            3.00467931,
            39.65062654
          ],
          [
            3.00495826,
            39.65039834
          ],
          [
            3.00526202,
            39.6501815
          ],
          [
            3.00564222,
            39.64994194
          ],
          [
            3.00595403,
            39.64976898
          ],
          [
            3.00629333,
            39.64959189
          ],
          [
            3.00668627,
            39.64939776
          ],
          [
            3.00708056,
            39.64920414
          ],
          [
            3.00757878,
            39.64896303
          ],
          [
            3.00807767,
            39.64871727
          ],
          [
            3.00856315,
            39.64848183
          ],
          [
            3.00905265,
            39.64824175
          ],
          [
            3.00953679,
            39.64800528
          ],
          [
            3.00998673,
            39.64778636
          ],
          [
            3.01047758,
            39.64754576
          ],
          [
            3.01102542,
            39.64727934
          ],
          [
            3.01146865,
            39.64706249
          ],
          [
            3.01188238,
            39.64685958
          ],
          [
            3.01227264,
            39.64666079
          ],
          [
            3.01260189,
            39.64647647
          ],
          [
            3.01286206,
            39.64630298
          ],
          [
            3.01311218,
            39.64611607
          ],
          [
            3.0133415,
            39.64591109
          ],
          [
            3.01362515,
            39.64560646
          ],
          [
            3.01373244,
            39.64547015
          ],
          [
            3.01388063,
            39.64526929
          ],
          [
            3.01401273,
            39.64506637
          ],
          [
            3.01414013,
            39.64481492
          ],
          [
            3.01425077,
            39.64455778
          ],
          [
            3.01435337,
            39.64425676
          ],
          [
            3.01445261,
            39.64397174
          ],
          [
            3.0145666,
            39.64364903
          ],
          [
            3.01469066,
            39.64328965
          ],
          [
            3.01476308,
            39.64303561
          ],
          [
            3.01483482,
            39.6428239
          ],
          [
            3.01494748,
            39.64250325
          ],
          [
            3.01506978,
            39.64215502
          ],
          [
            3.01519316,
            39.64180751
          ],
          [
            3.01529174,
            39.64152145
          ],
          [
            3.01542048,
            39.64115535
          ],
          [
            3.01555124,
            39.64078718
          ],
          [
            3.01566859,
            39.64048149
          ],
          [
            3.01580001,
            39.64018303
          ],
          [
            3.01594351,
            39.63990987
          ],
          [
            3.01609506,
            39.63966924
          ],
          [
            3.01627007,
            39.63943687
          ],
          [
            3.01646788,
            39.63921122
          ],
          [
            3.01668447,
            39.63900053
          ],
          [
            3.01692386,
            39.63879915
          ],
          [
            3.0171847,
            39.63860912
          ],
          [
            3.01745628,
            39.63843613
          ],
          [
            3.01778619,
            39.63824765
          ],
          [
            3.01812683,
            39.63806382
          ],
          [
            3.01843528,
            39.63789444
          ],
          [
            3.01877056,
            39.63769099
          ],
          [
            3.01898983,
            39.63754278
          ],
          [
            3.01918899,
            39.6373889
          ],
          [
            3.01938278,
            39.63721797
          ],
          [
            3.01955578,
            39.6370424
          ],
          [
            3.01972006,
            39.63684927
          ],
          [
            3.01985887,
            39.63665665
          ],
          [
            3.01998426,
            39.63645784
          ],
          [
            3.02009289,
            39.63624767
          ],
          [
            3.02018006,
            39.63604007
          ],
          [
            3.02025003,
            39.63582356
          ],
          [
            3.02030301,
            39.63559479
          ],
          [
            3.02033318,
            39.63537842
          ],
          [
            3.02034458,
            39.63515068
          ],
          [
            3.02033855,
            39.63492914
          ],
          [
            3.02030502,
            39.63466164
          ],
          [
            3.02025272,
            39.63439621
          ],
          [
            3.0201905,
            39.63412766
          ],
          [
            3.02012546,
            39.63385964
          ],
          [
            3.02006444,
            39.63360143
          ],
          [
            3.02001213,
            39.63333031
          ],
          [
            3.01998062,
            39.63310412
          ],
          [
            3.01996452,
            39.6328676
          ],
          [
            3.01996788,
            39.63265638
          ],
          [
            3.01999067,
            39.63242812
          ],
          [
            3.02003158,
            39.63220296
          ],
          [
            3.02008925,
            39.63198141
          ],
          [
            3.02018312,
            39.63171441
          ],
          [
            3.02030382,
            39.63141127
          ],
          [
            3.02044464,
            39.63107558
          ],
          [
            3.02060423,
            39.63068051
          ],
          [
            3.02075712,
            39.63030402
          ],
          [
            3.02091738,
            39.62992133
          ],
          [
            3.02108106,
            39.62953489
          ],
          [
            3.02123998,
            39.62914858
          ],
          [
            3.02140024,
            39.62875918
          ],
          [
            3.02156051,
            39.62837597
          ],
          [
            3.02174088,
            39.62794679
          ],
          [
            3.02191858,
            39.62751399
          ],
          [
            3.02209762,
            39.62708326
          ],
          [
            3.02227196,
            39.62665511
          ],
          [
            3.02245167,
            39.62622334
          ],
          [
            3.02262668,
            39.62579208
          ],
          [
            3.02280036,
            39.6253696
          ],
          [
            3.02298074,
            39.62493524
          ],
          [
            3.02315977,
            39.62450914
          ],
          [
            3.02331735,
            39.62412229
          ],
          [
            3.02347963,
            39.62372718
          ],
          [
            3.02365799,
            39.62330107
          ],
          [
            3.02383578,
            39.62287373
          ],
          [
            3.02401213,
            39.62244245
          ],
          [
            3.02417709,
            39.62204423
          ],
          [
            3.02435344,
            39.62161811
          ],
          [
            3.02451102,
            39.62123951
          ],
          [
            3.02471018,
            39.62076122
          ],
          [
            3.02485233,
            39.62042135
          ],
          [
            3.02498412,
            39.62014659
          ],
          [
            3.02516182,
            39.61985218
          ],
          [
            3.02534421,
            39.61960734
          ],
          [
            3.02553934,
            39.61938679
          ],
          [
            3.02574587,
            39.61918534
          ],
          [
            3.02596514,
            39.61899888
          ],
          [
            3.02622761,
            39.61880817
          ],
          [
            3.02649046,
            39.6186434
          ],
          [
            3.02678551,
            39.61848689
          ],
          [
            3.02709731,
            39.61834794
          ],
          [
            3.02741784,
            39.61823069
          ],
          [
            3.02774373,
            39.61813255
          ],
          [
            3.02808571,
            39.61805197
          ],
          [
            3.02843037,
            39.61799412
          ],
          [
            3.0287804,
            39.61795641
          ],
          [
            3.02913043,
            39.61793885
          ],
          [
            3.02948381,
            39.61794298
          ],
          [
            3.02982512,
            39.61796519
          ],
          [
            3.03023214,
            39.61800858
          ],
          [
            3.03070421,
            39.61806902
          ],
          [
            3.0311508,
            39.61812584
          ],
          [
            3.03154375,
            39.61817542
          ],
          [
            3.03208421,
            39.61824464
          ],
          [
            3.0325945,
            39.61831075
          ],
          [
            3.03316849,
            39.61838462
          ],
          [
            3.03373913,
            39.61845848
          ],
          [
            3.03431246,
            39.61853131
          ],
          [
            3.03490053,
            39.61860621
          ],
          [
            3.03547184,
            39.61867904
          ],
          [
            3.0360465,
            39.61875342
          ],
          [
            3.03662854,
            39.61882677
          ],
          [
            3.03718577,
            39.61890012
          ],
          [
            3.03775038,
            39.6189776
          ],
          [
            3.03827743,
            39.61906024
          ],
          [
            3.03873676,
            39.6191465
          ],
          [
            3.03918871,
            39.61924671
          ],
          [
            3.03963329,
            39.61935776
          ],
          [
            3.04006915,
            39.61947759
          ],
          [
            3.04058078,
            39.6196186
          ],
          [
            3.04106022,
            39.61975187
          ],
          [
            3.04154906,
            39.61988719
          ],
          [
            3.04204459,
            39.62002407
          ],
          [
            3.04253678,
            39.62015992
          ],
          [
            3.04303701,
            39.62029783
          ],
          [
            3.04350975,
            39.62042592
          ],
          [
            3.04408307,
            39.62058604
          ],
          [
            3.04461616,
            39.62073738
          ],
          [
            3.04517339,
            39.62089027
          ],
          [
            3.04572995,
            39.62104213
          ],
          [
            3.04628181,
            39.6211945
          ],
          [
            3.04679344,
            39.62133912
          ],
          [
            3.04733056,
            39.62149201
          ],
          [
            3.04782006,
            39.62162991
          ],
          [
            3.04832968,
            39.62176679
          ],
          [
            3.04882656,
            39.62190315
          ],
          [
            3.04933551,
            39.6220457
          ],
          [
            3.04988938,
            39.62220169
          ],
          [
            3.05043857,
            39.62235767
          ],
          [
            3.05094081,
            39.62250229
          ],
          [
            3.05152017,
            39.62265982
          ],
          [
            3.05211696,
            39.62282459
          ],
          [
            3.0526353,
            39.62296921
          ],
          [
            3.05321801,
            39.62313242
          ],
          [
            3.05370684,
            39.62327136
          ],
          [
            3.05411118,
            39.62338499
          ],
          [
            3.05450144,
            39.6234919
          ],
          [
            3.05489573,
            39.62359365
          ],
          [
            3.05530342,
            39.62368765
          ],
          [
            3.05569503,
            39.62375841
          ],
          [
            3.05603433,
            39.62379973
          ],
          [
            3.05634546,
            39.62382142
          ],
          [
            3.05667269,
            39.6238271
          ],
          [
            3.05698785,
            39.62381109
          ],
          [
            3.05743444,
            39.62376099
          ],
          [
            3.05770869,
            39.62371089
          ],
          [
            3.05804397,
            39.62363187
          ],
          [
            3.05838126,
            39.62353167
          ],
          [
            3.05870446,
            39.62341443
          ],
          [
            3.05900957,
            39.62327601
          ],
          [
            3.05928784,
            39.62312622
          ],
          [
            3.0595621,
            39.62295526
          ],
          [
            3.05982093,
            39.62276984
          ],
          [
            3.06010927,
            39.62253793
          ],
          [
            3.06037615,
            39.62230447
          ],
          [
            3.06064772,
            39.62206171
          ],
          [
            3.06090924,
            39.62183084
          ],
          [
            3.0611949,
            39.62159273
          ],
          [
            3.06149128,
            39.62138199
          ],
          [
            3.06176352,
            39.62122291
          ],
          [
            3.06201163,
            39.62110101
          ],
          [
            3.06225236,
            39.62099874
          ],
          [
            3.06250314,
            39.62090835
          ],
          [
            3.06283037,
            39.62081279
          ],
          [
            3.06316498,
            39.62073893
          ],
          [
            3.0635083,
            39.6206878
          ],
          [
            3.06385296,
            39.62065939
          ],
          [
            3.0642097,
            39.62065422
          ],
          [
            3.06456375,
            39.62066972
          ],
          [
            3.06490707,
            39.62071001
          ],
          [
            3.0652504,
            39.62077147
          ],
          [
            3.06558768,
            39.62085153
          ],
          [
            3.06597057,
            39.6209631
          ],
          [
            3.06639436,
            39.62110462
          ],
          [
            3.06686978,
            39.62127146
          ],
          [
            3.06723724,
            39.62140162
          ],
          [
            3.06761409,
            39.62152248
          ],
          [
            3.06799631,
            39.62163043
          ],
          [
            3.06832555,
            39.62170636
          ],
          [
            3.06866284,
            39.62176834
          ],
          [
            3.06900884,
            39.62181327
          ],
          [
            3.06935418,
            39.62184168
          ],
          [
            3.06969347,
            39.6218546
          ],
          [
            3.07003747,
            39.62185201
          ],
          [
            3.07039085,
            39.6218329
          ],
          [
            3.0707335,
            39.62179933
          ],
          [
            3.07107347,
            39.62174871
          ],
          [
            3.07147245,
            39.62166917
          ],
          [
            3.07185466,
            39.62157465
          ],
          [
            3.07221676,
            39.6214729
          ],
          [
            3.07261976,
            39.62134893
          ],
          [
            3.07309183,
            39.62119811
          ],
          [
            3.07363498,
            39.62102353
          ],
          [
            3.07418081,
            39.62084998
          ],
          [
            3.0747139,
            39.62067747
          ],
          [
            3.07525973,
            39.62050288
          ],
          [
            3.07580019,
            39.62032985
          ],
          [
            3.07633865,
            39.62015579
          ],
          [
            3.07687643,
            39.61998378
          ],
          [
            3.0774122,
            39.61981178
          ],
          [
            3.07795535,
            39.61963823
          ],
          [
            3.07849112,
            39.61946726
          ],
          [
            3.07903091,
            39.61929319
          ],
          [
            3.07957004,
            39.61912119
          ],
          [
            3.08010715,
            39.61894764
          ],
          [
            3.08064426,
            39.61877667
          ],
          [
            3.08118674,
            39.61860208
          ],
          [
            3.08172385,
            39.61843059
          ],
          [
            3.08227035,
            39.61825497
          ],
          [
            3.08280948,
            39.61808245
          ],
          [
            3.08334525,
            39.61791096
          ],
          [
            3.08391254,
            39.61772862
          ],
          [
            3.08442148,
            39.61756694
          ],
          [
            3.0849586,
            39.61739339
          ],
          [
            3.08542865,
            39.61724256
          ],
          [
            3.08586451,
            39.61710154
          ],
          [
            3.08640833,
            39.61692747
          ],
          [
            3.08694813,
            39.61675442
          ],
          [
            3.08738197,
            39.61661547
          ],
          [
            3.08781917,
            39.61647911
          ],
          [
            3.08825503,
            39.61635152
          ],
          [
            3.08869625,
            39.61623994
          ],
          [
            3.08915089,
            39.61614645
          ],
          [
            3.08960955,
            39.61607155
          ],
          [
            3.0900682,
            39.61601318
          ],
          [
            3.09054296,
            39.6159734
          ],
          [
            3.09100832,
            39.61595119
          ],
          [
            3.09148039,
            39.61594706
          ],
          [
            3.09194508,
            39.61596049
          ],
          [
            3.09246744,
            39.61598425
          ],
          [
            3.09304814,
            39.61601163
          ],
          [
            3.09362481,
            39.61603849
          ],
          [
            3.09421624,
            39.61606793
          ],
          [
            3.09479895,
            39.61609376
          ],
          [
            3.09534813,
            39.61612114
          ],
          [
            3.0959456,
            39.61615058
          ],
          [
            3.0965216,
            39.61617796
          ],
          [
            3.09711169,
            39.61620585
          ],
          [
            3.09769708,
            39.61623323
          ],
          [
            3.09827979,
            39.61626112
          ],
          [
            3.09887054,
            39.61628902
          ],
          [
            3.09945325,
            39.61631536
          ],
          [
            3.10003127,
            39.61634429
          ],
          [
            3.10061197,
            39.61637166
          ],
          [
            3.10112025,
            39.61639749
          ],
          [
            3.1016882,
            39.61642538
          ],
          [
            3.10227829,
            39.61645173
          ],
          [
            3.10286838,
            39.61647911
          ],
          [
            3.10344103,
            39.61650597
          ],
          [
            3.10405727,
            39.61653593
          ],
          [
            3.10459773,
            39.61656227
          ],
          [
            3.10511741,
            39.61658706
          ],
          [
            3.10564312,
            39.61661082
          ],
          [
            3.10611318,
            39.61663355
          ],
          [
            3.10659195,
            39.61666196
          ],
          [
            3.10700032,
            39.61670484
          ],
          [
            3.10733358,
            39.61676166
          ],
          [
            3.1076749,
            39.61684017
          ],
          [
            3.10801755,
            39.61694141
          ],
          [
            3.10833472,
            39.6170566
          ],
          [
            3.10869883,
            39.6172095
          ],
          [
            3.10899722,
            39.61733915
          ],
          [
            3.10932043,
            39.61747965
          ],
          [
            3.10967314,
            39.61763358
          ],
          [
            3.11009827,
            39.6178185
          ],
          [
            3.11035912,
            39.61793575
          ],
          [
            3.11071116,
            39.61809226
          ],
          [
            3.11107661,
            39.61825187
          ],
          [
            3.11144876,
            39.61841096
          ],
          [
            3.1117485,
            39.61854319
          ],
          [
            3.11205628,
            39.61867904
          ],
          [
            3.112295,
            39.61877976
          ],
          [
            3.11263631,
            39.61891561
          ],
          [
            3.11300042,
            39.61904216
          ],
          [
            3.11336721,
            39.61915115
          ],
          [
            3.11372864,
            39.61924206
          ],
          [
            3.11415243,
            39.61932625
          ],
          [
            3.1145722,
            39.61938823
          ],
          [
            3.11497184,
            39.61942852
          ],
          [
            3.11538222,
            39.6194497
          ],
          [
            3.11579394,
            39.61945177
          ],
          [
            3.11620499,
            39.6194342
          ],
          [
            3.11660397,
            39.61939908
          ],
          [
            3.11699892,
            39.61934588
          ],
          [
            3.11739053,
            39.61927408
          ],
          [
            3.11777811,
            39.61918421
          ],
          [
            3.11816367,
            39.61907522
          ],
          [
            3.11853516,
            39.61894867
          ],
          [
            3.11890195,
            39.61880301
          ],
          [
            3.1192493,
            39.61864443
          ],
          [
            3.11958793,
            39.61846623
          ],
          [
            3.11990644,
            39.61827615
          ],
          [
            3.12021825,
            39.61806747
          ],
          [
            3.1205153,
            39.61784432
          ],
          [
            3.12078352,
            39.61761498
          ],
          [
            3.12104302,
            39.61736601
          ],
          [
            3.12124486,
            39.617147
          ],
          [
            3.12142658,
            39.61692953
          ],
          [
            3.12164652,
            39.61662477
          ],
          [
            3.12183897,
            39.61632053
          ],
          [
            3.12205355,
            39.61594344
          ],
          [
            3.12225605,
            39.61557566
          ],
          [
            3.12246325,
            39.61520219
          ],
          [
            3.12269392,
            39.61478636
          ],
          [
            3.12292258,
            39.61437208
          ],
          [
            3.12315258,
            39.61395883
          ],
          [
            3.12337588,
            39.61354403
          ],
          [
            3.12360386,
            39.61312819
          ],
          [
            3.12383319,
            39.61271493
          ],
          [
            3.12406106,
            39.61229753
          ],
          [
            3.12428703,
            39.61188737
          ],
          [
            3.12451636,
            39.61147307
          ],
          [
            3.12474636,
            39.61105825
          ],
          [
            3.12497234,
            39.61064601
          ],
          [
            3.12520043,
            39.61023141
          ],
          [
            3.12543177,
            39.60981504
          ],
          [
            3.1256611,
            39.60939969
          ],
          [
            3.12586629,
            39.60902464
          ],
          [
            3.12604656,
            39.60869588
          ],
          [
            3.12620011,
            39.60839986
          ],
          [
            3.12633758,
            39.60809765
          ],
          [
            3.12643078,
            39.60784192
          ],
          [
            3.12650119,
            39.60758568
          ],
          [
            3.1265454,
            39.60731544
          ],
          [
            3.1265635,
            39.60704267
          ],
          [
            3.12655345,
            39.60677558
          ],
          [
            3.12651388,
            39.60647284
          ],
          [
            3.12644213,
            39.60615512
          ],
          [
            3.12634692,
            39.60584256
          ],
          [
            3.12624566,
            39.60555273
          ],
          [
            3.12613368,
            39.60524069
          ],
          [
            3.1260284,
            39.60494053
          ],
          [
            3.12593587,
            39.60463106
          ],
          [
            3.12586412,
            39.60431953
          ],
          [
            3.12582657,
            39.60405553
          ],
          [
            3.12581025,
            39.60378333
          ],
          [
            3.12581427,
            39.60351106
          ],
          [
            3.12584311,
            39.60323879
          ],
          [
            3.12589273,
            39.60296549
          ],
          [
            3.12596112,
            39.60270096
          ],
          [
            3.12605098,
            39.6024385
          ],
          [
            3.12616028,
            39.60218121
          ],
          [
            3.12629549,
            39.60192578
          ],
          [
            3.12644502,
            39.60168295
          ],
          [
            3.12664283,
            39.60140448
          ],
          [
            3.12687753,
            39.60109706
          ],
          [
            3.12715245,
            39.60074367
          ],
          [
            3.12745219,
            39.60035617
          ],
          [
            3.1277479,
            39.59997487
          ],
          [
            3.12805099,
            39.5995822
          ],
          [
            3.12834134,
            39.59920709
          ],
          [
            3.12865114,
            39.59881338
          ],
          [
            3.12893746,
            39.59843827
          ],
          [
            3.12924323,
            39.59804508
          ],
          [
            3.12953224,
            39.59767255
          ],
          [
            3.12982796,
            39.59728762
          ],
          [
            3.13013037,
            39.59689545
          ],
          [
            3.1304395,
            39.59649811
          ],
          [
            3.13068492,
            39.59618137
          ],
          [
            3.13094979,
            39.59583932
          ],
          [
            3.13119253,
            39.59552775
          ],
          [
            3.13142521,
            39.59522703
          ],
          [
            3.13166682,
            39.59491611
          ],
          [
            3.13191492,
            39.59460867
          ],
          [
            3.1321818,
            39.59430794
          ],
          [
            3.13246209,
            39.59401962
          ],
          [
            3.13275848,
            39.59374111
          ],
          [
            3.13307443,
            39.59347094
          ],
          [
            3.13340502,
            39.59321361
          ],
          [
            3.13374834,
            39.59297075
          ],
          [
            3.1341091,
            39.59273926
          ],
          [
            3.13448192,
            39.59252069
          ],
          [
            3.13486682,
            39.59231555
          ],
          [
            3.13529866,
            39.59210575
          ],
          [
            3.13581431,
            39.59186703
          ],
          [
            3.13630247,
            39.5916376
          ],
          [
            3.13681746,
            39.59139783
          ],
          [
            3.13731031,
            39.59117099
          ],
          [
            3.13780853,
            39.59093949
          ],
          [
            3.13830273,
            39.59070386
          ],
          [
            3.13879894,
            39.59047287
          ],
          [
            3.13930856,
            39.59023466
          ],
          [
            3.13980946,
            39.59000419
          ],
          [
            3.14030165,
            39.58977475
          ],
          [
            3.14080322,
            39.58953808
          ],
          [
            3.14126121,
            39.58932415
          ],
          [
            3.14175473,
            39.58909213
          ],
          [
            3.14225027,
            39.58886011
          ],
          [
            3.14274715,
            39.58862912
          ],
          [
            3.14324403,
            39.588394
          ],
          [
            3.14373622,
            39.58816301
          ],
          [
            3.14424919,
            39.58792633
          ],
          [
            3.14474137,
            39.58769534
          ],
          [
            3.14523691,
            39.58746228
          ],
          [
            3.14573848,
            39.58722818
          ],
          [
            3.14623603,
            39.58699564
          ],
          [
            3.14673493,
            39.58676206
          ],
          [
            3.14723717,
            39.58652796
          ],
          [
            3.14773539,
            39.58629335
          ],
          [
            3.14823294,
            39.58606339
          ],
          [
            3.14874189,
            39.58582825
          ],
          [
            3.14923944,
            39.58559519
          ],
          [
            3.14974101,
            39.58536109
          ],
          [
            3.15022984,
            39.5851306
          ],
          [
            3.15072538,
            39.58489599
          ],
          [
            3.15122226,
            39.58466343
          ],
          [
            3.15171981,
            39.58442881
          ],
          [
            3.15221334,
            39.58419884
          ],
          [
            3.152731,
            39.58396009
          ],
          [
            3.15323593,
            39.58372495
          ],
          [
            3.15371873,
            39.58349601
          ],
          [
            3.15421829,
            39.58326087
          ],
          [
            3.15472657,
            39.58302728
          ],
          [
            3.15524423,
            39.58279058
          ],
          [
            3.15619642,
            39.58234149
          ],
          [
            3.1572284,
            39.58186809
          ],
          [
            3.15771119,
            39.58163967
          ],
          [
            3.15822216,
            39.5814009
          ],
          [
            3.15876329,
            39.58114405
          ],
          [
            3.1592139,
            39.58093112
          ],
          [
            3.15959679,
            39.58074869
          ],
          [
            3.16004338,
            39.58053576
          ],
          [
            3.16039877,
            39.58036934
          ],
          [
            3.1608581,
            39.580159
          ],
          [
            3.16136638,
            39.57992695
          ],
          [
            3.16184448,
            39.5796949
          ],
          [
            3.16232392,
            39.57946233
          ],
          [
            3.16280672,
            39.57923751
          ],
          [
            3.16331969,
            39.5789946
          ],
          [
            3.16381389,
            39.57876255
          ],
          [
            3.16430541,
            39.57852842
          ],
          [
            3.16482642,
            39.57829275
          ],
          [
            3.16534141,
            39.57805604
          ],
          [
            3.16584566,
            39.57782398
          ],
          [
            3.16633114,
            39.57759089
          ],
          [
            3.16682065,
            39.57735779
          ],
          [
            3.16730814,
            39.5771278
          ],
          [
            3.16781508,
            39.5768916
          ],
          [
            3.16832,
            39.57665747
          ],
          [
            3.16881822,
            39.57642541
          ],
          [
            3.16931711,
            39.57619128
          ],
          [
            3.16982137,
            39.5759587
          ],
          [
            3.17032629,
            39.57572663
          ],
          [
            3.17081714,
            39.57549043
          ],
          [
            3.1712644,
            39.57527956
          ],
          [
            3.17166673,
            39.57509349
          ],
          [
            3.17204693,
            39.57490535
          ],
          [
            3.17243988,
            39.57469758
          ],
          [
            3.17281538,
            39.57448101
          ],
          [
            3.17317882,
            39.57425256
          ],
          [
            3.17349331,
            39.57403548
          ],
          [
            3.17391911,
            39.57371864
          ],
          [
            3.17426177,
            39.57347158
          ],
          [
            3.17464331,
            39.57319815
          ],
          [
            3.17502552,
            39.57292421
          ],
          [
            3.17541042,
            39.57264562
          ],
          [
            3.1757457,
            39.57240165
          ],
          [
            3.17609103,
            39.57214942
          ],
          [
            3.17647325,
            39.57187289
          ],
          [
            3.17690307,
            39.57156276
          ],
          [
            3.17732351,
            39.57125677
          ],
          [
            3.17774542,
            39.57094831
          ],
          [
            3.17816854,
            39.57064025
          ],
          [
            3.17859568,
            39.57033011
          ],
          [
            3.17902335,
            39.57002418
          ],
          [
            3.17944647,
            39.5697156
          ],
          [
            3.17986423,
            39.56941166
          ],
          [
            3.18028869,
            39.56910411
          ],
          [
            3.18071596,
            39.5687952
          ],
          [
            3.1811431,
            39.56848454
          ],
          [
            3.18157292,
            39.56817337
          ],
          [
            3.18199537,
            39.56786426
          ],
          [
            3.18241581,
            39.56756083
          ],
          [
            3.18280339,
            39.56728015
          ],
          [
            3.18314134,
            39.56703513
          ],
          [
            3.18343907,
            39.56682061
          ],
          [
            3.18371735,
            39.56663038
          ],
          [
            3.1839849,
            39.56646394
          ],
          [
            3.18426251,
            39.56631093
          ],
          [
            3.18456359,
            39.56616102
          ],
          [
            3.18486601,
            39.56603282
          ],
          [
            3.18518385,
            39.56591548
          ],
          [
            3.18551108,
            39.56581313
          ],
          [
            3.18583965,
            39.5657268
          ],
          [
            3.1861823,
            39.56565547
          ],
          [
            3.18652965,
            39.56560119
          ],
          [
            3.18687766,
            39.56556501
          ],
          [
            3.18721428,
            39.56554433
          ],
          [
            3.18757772,
            39.56553916
          ],
          [
            3.18793244,
            39.56555157
          ],
          [
            3.18828113,
            39.56558155
          ],
          [
            3.18863116,
            39.56562652
          ],
          [
            3.18896576,
            39.56568648
          ],
          [
            3.1892997,
            39.56576506
          ],
          [
            3.18965911,
            39.56586431
          ],
          [
            3.19001451,
            39.565977
          ],
          [
            3.19044366,
            39.56612277
          ],
          [
            3.19091707,
            39.5662856
          ],
          [
            3.19144949,
            39.56646962
          ],
          [
            3.19196246,
            39.56664641
          ],
          [
            3.1925103,
            39.56683508
          ],
          [
            3.19304808,
            39.56702066
          ],
          [
            3.19358453,
            39.56720623
          ],
          [
            3.19411694,
            39.5673887
          ],
          [
            3.19464668,
            39.56757065
          ],
          [
            3.1951905,
            39.56775622
          ],
          [
            3.19571688,
            39.56793921
          ],
          [
            3.19624595,
            39.56812013
          ],
          [
            3.1967777,
            39.56830466
          ],
          [
            3.19724909,
            39.56846594
          ],
          [
            3.19767758,
            39.5686117
          ],
          [
            3.19810874,
            39.56876057
          ],
          [
            3.19848358,
            39.56888773
          ],
          [
            3.19898649,
            39.56906141
          ],
          [
            3.19946058,
            39.56922475
          ],
          [
            3.19993734,
            39.56938964
          ],
          [
            3.20113427,
            39.56980419
          ],
          [
            3.2014843,
            39.56992773
          ],
          [
            3.20205092,
            39.57018927
          ],
          [
            3.2023359,
            39.57034176
          ],
          [
            3.20272616,
            39.57053766
          ],
          [
            3.20308491,
            39.57072115
          ]
        ]
      }
    },
    {
      "type": "Feature",
      "properties": {
        "kind": "station",
        "name": "Palma",
        "code": "PMI",
        "chainage_m": 0.0,
        "pk": "PK 0+000.0"
      },
      "geometry": {
        "type": "Point",
        "coordinates": [
          2.65436975,
          39.57611336
        ]
      }
    },
    {
      "type": "Feature",
      "properties": {
        "kind": "station",
        "name": "Jacint Verdaguer",
        "code": "jcv",
        "chainage_m": 618.0,
        "pk": "PK 0+618.0"
      },
      "geometry": {
        "type": "Point",
        "coordinates": [
          2.66042216,
          39.58042684
        ]
      }
    },
    {
      "type": "Feature",
      "properties": {
        "kind": "station",
        "name": "Son Costa",
        "code": "cos",
        "chainage_m": 1100.0,
        "pk": "PK 1+100.0"
      },
      "geometry": {
        "type": "Point",
        "coordinates": [
          2.66618121,
          39.58436758
        ]
      }
    },
    {
      "type": "Feature",
      "properties": {
        "kind": "station",
        "name": "Son Fuster",
        "code": "FUS",
        "chainage_m": 2300.0,
        "pk": "PK 2+300.0"
      },
      "geometry": {
        "type": "Point",
        "coordinates": [
          2.67509962,
          39.59054492
        ]
      }
    },
    {
      "type": "Feature",
      "properties": {
        "kind": "station",
        "name": "Son Cladera",
        "code": "cla",
        "chainage_m": 2700.0,
        "pk": "PK 2+700.0"
      },
      "geometry": {
        "type": "Point",
        "coordinates": [
          2.67945785,
          39.59358858
        ]
      }
    },
    {
      "type": "Feature",
      "properties": {
        "kind": "station",
        "name": "Son Rullán",
        "code": "RLL",
        "chainage_m": 3300.0,
        "pk": "PK 3+300.0"
      },
      "geometry": {
        "type": "Point",
        "coordinates": [
          2.68283274,
          39.59565077
        ]
      }
    },
    {
      "type": "Feature",
      "properties": {
        "kind": "station",
        "name": "V.Lluc",
        "code": "llc",
        "chainage_m": 3595.0,
        "pk": "PK 3+595.0"
      },
      "geometry": {
        "type": "Point",
        "coordinates": [
          2.68648658,
          39.59680352
        ]
      }
    },
    {
      "type": "Feature",
      "properties": {
        "kind": "station",
        "name": "Pont d'Inca",
        "code": "pdi",
        "chainage_m": 4020.0,
        "pk": "PK 4+020.0"
      },
      "geometry": {
        "type": "Point",
        "coordinates": [
          2.6911382,
          39.59797227
        ]
      }
    },
    {
      "type": "Feature",
      "properties": {
        "kind": "station",
        "name": "Pont d'Inca Nou",
        "code": "pdn",
        "chainage_m": 5200.0,
        "pk": "PK 5+200.0"
      },
      "geometry": {
        "type": "Point",
        "coordinates": [
          2.70175908,
          39.6046439
        ]
      }
    },
    {
      "type": "Feature",
      "properties": {
        "kind": "station",
        "name": "Pol.Marratxí",
        "code": "pol",
        "chainage_m": 7000.0,
        "pk": "PK 7+000.0"
      },
      "geometry": {
        "type": "Point",
        "coordinates": [
          2.71685424,
          39.615574
        ]
      }
    },
    {
      "type": "Feature",
      "properties": {
        "kind": "station",
        "name": "Marratxí",
        "code": "MTX",
        "chainage_m": 8400.0,
        "pk": "PK 8+400.0"
      },
      "geometry": {
        "type": "Point",
        "coordinates": [
          2.72545541,
          39.62510375
        ]
      }
    },
    {
      "type": "Feature",
      "properties": {
        "kind": "station",
        "name": "Es caülls",
        "code": "caü",
        "chainage_m": 9550.0,
        "pk": "PK 9+550.0"
      },
      "geometry": {
        "type": "Point",
        "coordinates": [
          2.73654836,
          39.63209192
        ]
      }
    },
    {
      "type": "Feature",
      "properties": {
        "kind": "station",
        "name": "Sta.Maria",
        "code": "STM",
        "chainage_m": 14450.0,
        "pk": "PK 14+450.0"
      },
      "geometry": {
        "type": "Point",
        "coordinates": [
          2.7743082,
          39.65326642
        ]
      }
    },
    {
      "type": "Feature",
      "properties": {
        "kind": "station",
        "name": "Consell-Alaró",
        "code": "CON",
        "chainage_m": 18440.0,
        "pk": "PK 18+440.0"
      },
      "geometry": {
        "type": "Point",
        "coordinates": [
          2.80837222,
          39.67745033
        ]
      }
    },
    {
      "type": "Feature",
      "properties": {
        "kind": "station",
        "name": "Binnisalem",
        "code": "BIN",
        "chainage_m": 21780.0,
        "pk": "PK 21+780.0"
      },
      "geometry": {
        "type": "Point",
        "coordinates": [
          2.84115888,
          39.69243599
        ]
      }
    },
    {
      "type": "Feature",
      "properties": {
        "kind": "station",
        "name": "Lloseta",
        "code": "lls",
        "chainage_m": 25325.0,
        "pk": "PK 25+325.0"
      },
      "geometry": {
        "type": "Point",
        "coordinates": [
          2.86909408,
          39.71620306
        ]
      }
    },
    {
      "type": "Feature",
      "properties": {
        "kind": "station",
        "name": "Inca",
        "code": "INC",
        "chainage_m": 28550.0,
        "pk": "PK 28+550.0"
      },
      "geometry": {
        "type": "Point",
        "coordinates": [
          2.90587876,
          39.7181125
        ]
      }
    },
    {
      "type": "Feature",
      "properties": {
        "kind": "station",
        "name": "Constància",
        "code": "ico",
        "chainage_m": 29400.0,
        "pk": "PK 29+400.0"
      },
      "geometry": {
        "type": "Point",
        "coordinates": [
          2.91502956,
          39.71474541
        ]
      }
    },
    {
      "type": "Feature",
      "properties": {
        "kind": "station",
        "name": "Enllaç",
        "code": "ELÇ",
        "chainage_m": 33573.0,
        "pk": "PK 33+573.0"
      },
      "geometry": {
        "type": "Point",
        "coordinates": [
          2.95126343,
          39.69071582
        ]
      }
    },
    {
      "type": "Feature",
      "properties": {
        "kind": "station",
        "name": "Sineu",
        "code": "SIN",
        "chainage_m": 42473.0,
        "pk": "PK 42+473.0"
      },
      "geometry": {
        "type": "Point",
        "coordinates": [
          3.01445261,
          39.64397174
        ]
      }
    },
    {
      "type": "Feature",
      "properties": {
        "kind": "station",
        "name": "Sant Joan",
        "code": "sjn",
        "chainage_m": 45240.0,
        "pk": "PK 45+240.0"
      },
      "geometry": {
        "type": "Point",
        "coordinates": [
          3.02471018,
          39.62076122
        ]
      }
    },
    {
      "type": "Feature",
      "properties": {
        "kind": "station",
        "name": "Paet SJ",
        "code": "PSJ",
        "chainage_m": 47700.0,
        "pk": "PK 47+700.0"
      },
      "geometry": {
        "type": "Point",
        "coordinates": [
          3.05152017,
          39.62265982
        ]
      }
    },
    {
      "type": "Feature",
      "properties": {
        "kind": "station",
        "name": "Petra",
        "code": "PET",
        "chainage_m": 53173.0,
        "pk": "PK 53+173.0"
      },
      "geometry": {
        "type": "Point",
        "coordinates": [
          3.11107661,
          39.61825187
        ]
      }
    },
    {
      "type": "Feature",
      "properties": {
        "kind": "station",
        "name": "Manacor",
        "code": "MAN",
        "chainage_m": 64185.0,
        "pk": "PK 64+185.0"
      },
      "geometry": {
        "type": "Point",
        "coordinates": [
          3.20308491,
          39.57072115
        ]
      }
    },
    {
      "type": "Feature",
      "properties": {
        "kind": "signal",
        "id": "R-2",
        "chainage_m": 620.0,
        "pk": "PK 0+620.0",
        "track": 2,
        "type": "Retroceso",
        "heading_deg": 49.1
      },
      "geometry": {
        "type": "Point",
        "coordinates": [
          2.66044641,
          39.58044301
        ]
      }
    },
    {
      "type": "Feature",
      "properties": {
        "kind": "signal",
        "id": "E-2",
        "chainage_m": 1200.0,
        "pk": "PK 1+200.0",
        "track": 2,
        "type": "Entrada",
        "heading_deg": 48.8
      },
      "geometry": {
        "type": "Point",
        "coordinates": [
          2.66691576,
          39.58488965
        ]
      }
    },
    {
      "type": "Feature",
      "properties": {
        "kind": "signal",
        "id": "E-SF3",
        "chainage_m": 1835.0,
        "pk": "PK 1+835.0",
        "track": 1,
        "type": "Entrada",
        "heading_deg": 47.9
      },
      "geometry": {
        "type": "Point",
        "coordinates": [
          2.67164395,
          39.58815068
        ]
      }
    },
    {
      "type": "Feature",
      "properties": {
        "kind": "signal",
        "id": "A-PA22",
        "chainage_m": 1850.0,
        "pk": "PK 1+850.0",
        "track": 2,
        "type": "Avanzada",
        "heading_deg": 47.9
      },
      "geometry": {
        "type": "Point",
        "coordinates": [
          2.67175523,
          39.58822808
        ]
      }
    },
    {
      "type": "Feature",
      "properties": {
        "kind": "signal",
        "id": "S-SF6",
        "chainage_m": 2200.0,
        "pk": "PK 2+200.0",
        "track": 2,
        "type": "Salida",
        "heading_deg": 47.9
      },
      "geometry": {
        "type": "Point",
        "coordinates": [
          2.67435521,
          39.59003109
        ]
      }
    },
    {
      "type": "Feature",
      "properties": {
        "kind": "signal",
        "id": "S-SF9",
        "chainage_m": 2300.0,
        "pk": "PK 2+300.0",
        "track": 1,
        "type": "Salida",
        "heading_deg": 48.3
      },
      "geometry": {
        "type": "Point",
        "coordinates": [
          2.67509962,
          39.59054492
        ]
      }
    },
    {
      "type": "Feature",
      "properties": {
        "kind": "signal",
        "id": "E-SF10",
        "chainage_m": 2490.0,
        "pk": "PK 2+490.0",
        "track": 2,
        "type": "Entrada",
        "heading_deg": 48.0
      },
      "geometry": {
        "type": "Point",
        "coordinates": [
          2.67716507,
          39.59199457
        ]
      }
    },
    {
      "type": "Feature",
      "properties": {
        "kind": "signal",
        "id": "A-SF12",
        "chainage_m": 3000.0,
        "pk": "PK 3+000.0",
        "track": 2,
        "type": "Avanzada",
        "heading_deg": 51.5
      },
      "geometry": {
        "type": "Point",
        "coordinates": [
          2.68111563,
          39.59464847
        ]
      }
    },
    {
      "type": "Feature",
      "properties": {
        "kind": "signal",
        "id": "E-SR1",
        "chainage_m": 2760.0,
        "pk": "PK 2+760.0",
        "track": 1,
        "type": "Entrada",
        "heading_deg": 47.9
      },
      "geometry": {
        "type": "Point",
        "coordinates": [
          2.67977767,
          39.59381119
        ]
      }
    },
    {
      "type": "Feature",
      "properties": {
        "kind": "signal",
        "id": "S-SR11",
        "chainage_m": 4100.0,
        "pk": "PK 4+100.0",
        "track": 1,
        "type": "Salida",
        "heading_deg": 66.8
      },
      "geometry": {
        "type": "Point",
        "coordinates": [
          2.69201837,
          39.59821891
        ]
      }
    },
    {
      "type": "Feature",
      "properties": {
        "kind": "signal",
        "id": "R-SR4",
        "chainage_m": 3710.0,
        "pk": "PK 3+710.0",
        "track": 2,
        "type": "Retroceso",
        "heading_deg": 72.3
      },
      "geometry": {
        "type": "Point",
        "coordinates": [
          2.68774606,
          39.59711783
        ]
      }
    },
    {
      "type": "Feature",
      "properties": {
        "kind": "signal",
        "id": "E-SR6",
        "chainage_m": 3980.0,
        "pk": "PK 3+980.0",
        "track": 2,
        "type": "Entrada",
        "heading_deg": 72.2
      },
      "geometry": {
        "type": "Point",
        "coordinates": [
          2.6906997,
          39.59786392
        ]
      }
    },
    {
      "type": "Feature",
      "properties": {
        "kind": "signal",
        "id": "A-SR10",
        "chainage_m": 4720.0,
        "pk": "PK 4+720.0",
        "track": 2,
        "type": "Avanzada",
        "heading_deg": 46.7
      },
      "geometry": {
        "type": "Point",
        "coordinates": [
          2.69766201,
          39.6016783
        ]
      }
    },
    {
      "type": "Feature",
      "properties": {
        "kind": "signal",
        "id": "60/1",
        "chainage_m": 6000.0,
        "pk": "PK 6+000.0",
        "track": 1,
        "type": "Hito / otra",
        "heading_deg": 47.1
      },
      "geometry": {
        "type": "Point",
        "coordinates": [
          2.7084675,
          39.60950196
        ]
      }
    },
    {
      "type": "Feature",
      "properties": {
        "kind": "signal",
        "id": "60/4",
        "chainage_m": 6050.0,
        "pk": "PK 6+050.0",
        "track": 2,
        "type": "Hito / otra",
        "heading_deg": 47.1
      },
      "geometry": {
        "type": "Point",
        "coordinates": [
          2.70888885,
          39.60980389
        ]
      }
    },
    {
      "type": "Feature",
      "properties": {
        "kind": "signal",
        "id": "A-MA1",
        "chainage_m": 7280.0,
        "pk": "PK 7+280.0",
        "track": 1,
        "type": "Avanzada",
        "heading_deg": 46.6
      },
      "geometry": {
        "type": "Point",
        "coordinates": [
          2.71910322,
          39.61719851
        ]
      }
    },
    {
      "type": "Feature",
      "properties": {
        "kind": "signal",
        "id": "E-MA3",
        "chainage_m": 8000.0,
        "pk": "PK 8+000.0",
        "track": 1,
        "type": "Entrada",
        "heading_deg": 19.0
      },
      "geometry": {
        "type": "Point",
        "coordinates": [
          2.72400079,
          39.62190131
        ]
      }
    },
    {
      "type": "Feature",
      "properties": {
        "kind": "signal",
        "id": "S-MA10",
        "chainage_m": 8380.0,
        "pk": "PK 8+380.0",
        "track": 2,
        "type": "Salida",
        "heading_deg": 19.1
      },
      "geometry": {
        "type": "Point",
        "coordinates": [
          2.72538328,
          39.62494347
        ]
      }
    },
    {
      "type": "Feature",
      "properties": {
        "kind": "signal",
        "id": "S-MA9",
        "chainage_m": 8500.0,
        "pk": "PK 8+500.0",
        "track": 1,
        "type": "Salida",
        "heading_deg": 18.9
      },
      "geometry": {
        "type": "Point",
        "coordinates": [
          2.72588919,
          39.62605587
        ]
      }
    },
    {
      "type": "Feature",
      "properties": {
        "kind": "signal",
        "id": "E-MA14",
        "chainage_m": 8580.0,
        "pk": "PK 8+580.0",
        "track": 2,
        "type": "Entrada",
        "heading_deg": 29.4
      },
      "geometry": {
        "type": "Point",
        "coordinates": [
          2.72629938,
          39.62679725
        ]
      }
    },
    {
      "type": "Feature",
      "properties": {
        "kind": "signal",
        "id": "A-MA16",
        "chainage_m": 9300.0,
        "pk": "PK 9+300.0",
        "track": 2,
        "type": "Avanzada",
        "heading_deg": 52.5
      },
      "geometry": {
        "type": "Point",
        "coordinates": [
          2.7343921,
          39.63020804
        ]
      }
    },
    {
      "type": "Feature",
      "properties": {
        "kind": "signal",
        "id": "108/4",
        "chainage_m": 10900.0,
        "pk": "PK 10+900.0",
        "track": 2,
        "type": "Hito / otra",
        "heading_deg": 22.8
      },
      "geometry": {
        "type": "Point",
        "coordinates": [
          2.74267896,
          39.64309264
        ]
      }
    },
    {
      "type": "Feature",
      "properties": {
        "kind": "signal",
        "id": "108/1",
        "chainage_m": 10950.0,
        "pk": "PK 10+950.0",
        "track": 1,
        "type": "Hito / otra",
        "heading_deg": 22.6
      },
      "geometry": {
        "type": "Point",
        "coordinates": [
          2.74290038,
          39.64350216
        ]
      }
    },
    {
      "type": "Feature",
      "properties": {
        "kind": "signal",
        "id": "A-SM1",
        "chainage_m": 13400.0,
        "pk": "PK 13+400.0",
        "track": 1,
        "type": "Avanzada",
        "heading_deg": 113.0
      },
      "geometry": {
        "type": "Point",
        "coordinates": [
          2.7628667,
          39.65291806
        ]
      }
    },
    {
      "type": "Feature",
      "properties": {
        "kind": "signal",
        "id": "E-SM3",
        "chainage_m": 14150.0,
        "pk": "PK 14+150.0",
        "track": 1,
        "type": "Entrada",
        "heading_deg": 67.7
      },
      "geometry": {
        "type": "Point",
        "coordinates": [
          2.7711638,
          39.65216113
        ]
      }
    },
    {
      "type": "Feature",
      "properties": {
        "kind": "signal",
        "id": "S-SM8",
        "chainage_m": 14400.0,
        "pk": "PK 14+400.0",
        "track": 2,
        "type": "Salida",
        "heading_deg": 65.4
      },
      "geometry": {
        "type": "Point",
        "coordinates": [
          2.77378741,
          39.6530767
        ]
      }
    },
    {
      "type": "Feature",
      "properties": {
        "kind": "signal",
        "id": "S-SM9",
        "chainage_m": 14500.0,
        "pk": "PK 14+500.0",
        "track": 1,
        "type": "Salida",
        "heading_deg": 65.2
      },
      "geometry": {
        "type": "Point",
        "coordinates": [
          2.7748404,
          39.65345555
        ]
      }
    },
    {
      "type": "Feature",
      "properties": {
        "kind": "signal",
        "id": "R-SM14",
        "chainage_m": 14800.0,
        "pk": "PK 14+800.0",
        "track": 2,
        "type": "Retroceso",
        "heading_deg": 65.3
      },
      "geometry": {
        "type": "Point",
        "coordinates": [
          2.77803048,
          39.65459543
        ]
      }
    },
    {
      "type": "Feature",
      "properties": {
        "kind": "signal",
        "id": "E-SM16",
        "chainage_m": 15040.0,
        "pk": "PK 15+040.0",
        "track": 2,
        "type": "Entrada",
        "heading_deg": 63.4
      },
      "geometry": {
        "type": "Point",
        "coordinates": [
          2.78057747,
          39.65551554
        ]
      }
    },
    {
      "type": "Feature",
      "properties": {
        "kind": "signal",
        "id": "A-SM18",
        "chainage_m": 15750.0,
        "pk": "PK 15+750.0",
        "track": 2,
        "type": "Avanzada",
        "heading_deg": 43.4
      },
      "geometry": {
        "type": "Point",
        "coordinates": [
          2.78665645,
          39.65984187
        ]
      }
    },
    {
      "type": "Feature",
      "properties": {
        "kind": "signal",
        "id": "A-CO1",
        "chainage_m": 17250.0,
        "pk": "PK 17+250.0",
        "track": 1,
        "type": "Avanzada",
        "heading_deg": 43.5
      },
      "geometry": {
        "type": "Point",
        "coordinates": [
          2.79876331,
          39.66966197
        ]
      }
    },
    {
      "type": "Feature",
      "properties": {
        "kind": "signal",
        "id": "E-CO3",
        "chainage_m": 18000.0,
        "pk": "PK 18+000.0",
        "track": 1,
        "type": "Entrada",
        "heading_deg": 43.0
      },
      "geometry": {
        "type": "Point",
        "coordinates": [
          2.80482161,
          39.67456883
        ]
      }
    },
    {
      "type": "Feature",
      "properties": {
        "kind": "signal",
        "id": "S-CO6",
        "chainage_m": 18370.0,
        "pk": "PK 18+370.0",
        "track": 2,
        "type": "Salida",
        "heading_deg": 43.5
      },
      "geometry": {
        "type": "Point",
        "coordinates": [
          2.80780593,
          39.67699293
        ]
      }
    },
    {
      "type": "Feature",
      "properties": {
        "kind": "signal",
        "id": "S-CO7",
        "chainage_m": 18500.0,
        "pk": "PK 18+500.0",
        "track": 1,
        "type": "Salida",
        "heading_deg": 43.9
      },
      "geometry": {
        "type": "Point",
        "coordinates": [
          2.80885462,
          39.67783967
        ]
      }
    },
    {
      "type": "Feature",
      "properties": {
        "kind": "signal",
        "id": "E-CO10",
        "chainage_m": 18650.0,
        "pk": "PK 18+650.0",
        "track": 2,
        "type": "Entrada",
        "heading_deg": 43.0
      },
      "geometry": {
        "type": "Point",
        "coordinates": [
          2.8100535,
          39.67881816
        ]
      }
    },
    {
      "type": "Feature",
      "properties": {
        "kind": "signal",
        "id": "A-CO12",
        "chainage_m": 19450.0,
        "pk": "PK 19+450.0",
        "track": 2,
        "type": "Avanzada",
        "heading_deg": 67.1
      },
      "geometry": {
        "type": "Point",
        "coordinates": [
          2.81706591,
          39.6834493
        ]
      }
    },
    {
      "type": "Feature",
      "properties": {
        "kind": "signal",
        "id": "A-BI1",
        "chainage_m": 20750.0,
        "pk": "PK 20+750.0",
        "track": 1,
        "type": "Avanzada",
        "heading_deg": 69.4
      },
      "geometry": {
        "type": "Point",
        "coordinates": [
          2.83123936,
          39.68755972
        ]
      }
    },
    {
      "type": "Feature",
      "properties": {
        "kind": "signal",
        "id": "E-BI3",
        "chainage_m": 21400.0,
        "pk": "PK 21+400.0",
        "track": 1,
        "type": "Entrada",
        "heading_deg": 52.9
      },
      "geometry": {
        "type": "Point",
        "coordinates": [
          2.8380808,
          39.68999385
        ]
      }
    },
    {
      "type": "Feature",
      "properties": {
        "kind": "signal",
        "id": "S-BI8",
        "chainage_m": 22750.0,
        "pk": "PK 22+750.0",
        "track": 2,
        "type": "Salida",
        "heading_deg": 41.9
      },
      "geometry": {
        "type": "Point",
        "coordinates": [
          2.84874633,
          39.69898209
        ]
      }
    },
    {
      "type": "Feature",
      "properties": {
        "kind": "signal",
        "id": "S-BI9",
        "chainage_m": 21890.0,
        "pk": "PK 21+890.0",
        "track": 1,
        "type": "Salida",
        "heading_deg": 41.9
      },
      "geometry": {
        "type": "Point",
        "coordinates": [
          2.84201903,
          39.6931785
        ]
      }
    },
    {
      "type": "Feature",
      "properties": {
        "kind": "signal",
        "id": "E-BI14",
        "chainage_m": 22050.0,
        "pk": "PK 22+050.0",
        "track": 2,
        "type": "Entrada",
        "heading_deg": 41.8
      },
      "geometry": {
        "type": "Point",
        "coordinates": [
          2.84327004,
          39.69425861
        ]
      }
    },
    {
      "type": "Feature",
      "properties": {
        "kind": "signal",
        "id": "A-BI16",
        "chainage_m": 22750.0,
        "pk": "PK 22+750.0",
        "track": 2,
        "type": "Avanzada",
        "heading_deg": 41.9
      },
      "geometry": {
        "type": "Point",
        "coordinates": [
          2.84874633,
          39.69898209
        ]
      }
    },
    {
      "type": "Feature",
      "properties": {
        "kind": "signal",
        "id": "253/4",
        "chainage_m": 25200.0,
        "pk": "PK 25+200.0",
        "track": 2,
        "type": "Hito / otra",
        "heading_deg": 46.8
      },
      "geometry": {
        "type": "Point",
        "coordinates": [
          2.86797244,
          39.71547401
        ]
      }
    },
    {
      "type": "Feature",
      "properties": {
        "kind": "signal",
        "id": "254/1",
        "chainage_m": 25410.0,
        "pk": "PK 25+410.0",
        "track": 1,
        "type": "Hito / otra",
        "heading_deg": 58.9
      },
      "geometry": {
        "type": "Point",
        "coordinates": [
          2.86992265,
          39.71663376
        ]
      }
    },
    {
      "type": "Feature",
      "properties": {
        "kind": "signal",
        "id": "A-IN1",
        "chainage_m": 27150.0,
        "pk": "PK 27+150.0",
        "track": 1,
        "type": "Avanzada",
        "heading_deg": 90.3
      },
      "geometry": {
        "type": "Point",
        "coordinates": [
          2.88978153,
          39.71959116
        ]
      }
    },
    {
      "type": "Feature",
      "properties": {
        "kind": "signal",
        "id": "E-IN3",
        "chainage_m": 27850.0,
        "pk": "PK 27+850.0",
        "track": 1,
        "type": "Entrada",
        "heading_deg": 89.9
      },
      "geometry": {
        "type": "Point",
        "coordinates": [
          2.89801917,
          39.7195822
        ]
      }
    },
    {
      "type": "Feature",
      "properties": {
        "kind": "signal",
        "id": "S-IN8",
        "chainage_m": 28470.0,
        "pk": "PK 28+470.0",
        "track": 2,
        "type": "Salida",
        "heading_deg": 115.3
      },
      "geometry": {
        "type": "Point",
        "coordinates": [
          2.90502219,
          39.71841237
        ]
      }
    },
    {
      "type": "Feature",
      "properties": {
        "kind": "signal",
        "id": "S-IN11",
        "chainage_m": 28600.0,
        "pk": "PK 28+600.0",
        "track": 1,
        "type": "Salida",
        "heading_deg": 115.7
      },
      "geometry": {
        "type": "Point",
        "coordinates": [
          2.90641944,
          39.7179183
        ]
      }
    },
    {
      "type": "Feature",
      "properties": {
        "kind": "signal",
        "id": "R-IN12",
        "chainage_m": 28800.0,
        "pk": "PK 28+800.0",
        "track": 2,
        "type": "Retroceso",
        "heading_deg": 115.1
      },
      "geometry": {
        "type": "Point",
        "coordinates": [
          2.90857328,
          39.71712711
        ]
      }
    },
    {
      "type": "Feature",
      "properties": {
        "kind": "signal",
        "id": "E-IN14",
        "chainage_m": 29000.0,
        "pk": "PK 29+000.0",
        "track": 2,
        "type": "Entrada",
        "heading_deg": 115.7
      },
      "geometry": {
        "type": "Point",
        "coordinates": [
          2.91072737,
          39.7163364
        ]
      }
    },
    {
      "type": "Feature",
      "properties": {
        "kind": "signal",
        "id": "A-IN16",
        "chainage_m": 29650.0,
        "pk": "PK 29+650.0",
        "track": 2,
        "type": "Avanzada",
        "heading_deg": 115.6
      },
      "geometry": {
        "type": "Point",
        "coordinates": [
          2.91764228,
          39.71377848
        ]
      }
    },
    {
      "type": "Feature",
      "properties": {
        "kind": "signal",
        "id": "A-ELL1",
        "chainage_m": 32300.0,
        "pk": "PK 32+300.0",
        "track": 1,
        "type": "Avanzada",
        "heading_deg": 133.0
      },
      "geometry": {
        "type": "Point",
        "coordinates": [
          2.93918491,
          39.6971268
        ]
      }
    },
    {
      "type": "Feature",
      "properties": {
        "kind": "signal",
        "id": "E-ELL3",
        "chainage_m": 33000.0,
        "pk": "PK 33+000.0",
        "track": 1,
        "type": "Entrada",
        "heading_deg": 119.8
      },
      "geometry": {
        "type": "Point",
        "coordinates": [
          2.94546517,
          39.69320964
        ]
      }
    },
    {
      "type": "Feature",
      "properties": {
        "kind": "signal",
        "id": "R-ELL5",
        "chainage_m": 33170.0,
        "pk": "PK 33+170.0",
        "track": 1,
        "type": "Retroceso",
        "heading_deg": 119.0
      },
      "geometry": {
        "type": "Point",
        "coordinates": [
          2.94718028,
          39.6924624
        ]
      }
    },
    {
      "type": "Feature",
      "properties": {
        "kind": "signal",
        "id": "S-ELL8",
        "chainage_m": 33350.0,
        "pk": "PK 33+350.0",
        "track": 2,
        "type": "Salida",
        "heading_deg": 120.8
      },
      "geometry": {
        "type": "Point",
        "coordinates": [
          2.94899074,
          39.69166396
        ]
      }
    },
    {
      "type": "Feature",
      "properties": {
        "kind": "signal",
        "id": "S-ELL11",
        "chainage_m": 33490.0,
        "pk": "PK 33+490.0",
        "track": 1,
        "type": "Salida",
        "heading_deg": 118.2
      },
      "geometry": {
        "type": "Point",
        "coordinates": [
          2.95041545,
          39.69106583
        ]
      }
    },
    {
      "type": "Feature",
      "properties": {
        "kind": "signal",
        "id": "R-ELL17",
        "chainage_m": 33730.0,
        "pk": "PK 33+730.0",
        "track": 2,
        "type": "Retroceso",
        "heading_deg": 119.5
      },
      "geometry": {
        "type": "Point",
        "coordinates": [
          2.95282388,
          39.69000091
        ]
      }
    },
    {
      "type": "Feature",
      "properties": {
        "kind": "signal",
        "id": "E-ELL19",
        "chainage_m": 33900.0,
        "pk": "PK 33+900.0",
        "track": 2,
        "type": "Entrada",
        "heading_deg": 117.9
      },
      "geometry": {
        "type": "Point",
        "coordinates": [
          2.95455909,
          39.68927836
        ]
      }
    },
    {
      "type": "Feature",
      "properties": {
        "kind": "signal",
        "id": "A-ELL21",
        "chainage_m": 34600.0,
        "pk": "PK 34+600.0",
        "track": 2,
        "type": "Avanzada",
        "heading_deg": 119.6
      },
      "geometry": {
        "type": "Point",
        "coordinates": [
          2.96164053,
          39.68621367
        ]
      }
    },
    {
      "type": "Feature",
      "properties": {
        "kind": "signal",
        "id": "A-SN1",
        "chainage_m": 41900.0,
        "pk": "PK 41+900.0",
        "track": 1,
        "type": "Avanzada",
        "heading_deg": 122.5
      },
      "geometry": {
        "type": "Point",
        "coordinates": [
          3.01023668,
          39.64766384
        ]
      }
    },
    {
      "type": "Feature",
      "properties": {
        "kind": "signal",
        "id": "E-SN2",
        "chainage_m": 42150.0,
        "pk": "PK 42+150.0",
        "track": 1,
        "type": "Entrada",
        "heading_deg": 130.9
      },
      "geometry": {
        "type": "Point",
        "coordinates": [
          3.01265915,
          39.64643828
        ]
      }
    },
    {
      "type": "Feature",
      "properties": {
        "kind": "signal",
        "id": "R-SN3",
        "chainage_m": 42300.0,
        "pk": "PK 42+300.0",
        "track": 1,
        "type": "Retroceso",
        "heading_deg": 150.4
      },
      "geometry": {
        "type": "Point",
        "coordinates": [
          3.01377087,
          39.64541806
        ]
      }
    },
    {
      "type": "Feature",
      "properties": {
        "kind": "signal",
        "id": "S-SN5",
        "chainage_m": 42300.0,
        "pk": "PK 42+300.0",
        "track": 2,
        "type": "Salida",
        "heading_deg": 150.4
      },
      "geometry": {
        "type": "Point",
        "coordinates": [
          3.01377087,
          39.64541806
        ]
      }
    },
    {
      "type": "Feature",
      "properties": {
        "kind": "signal",
        "id": "S-SN6",
        "chainage_m": 42600.0,
        "pk": "PK 42+600.0",
        "track": 1,
        "type": "Salida",
        "heading_deg": 165.4
      },
      "geometry": {
        "type": "Point",
        "coordinates": [
          3.0148263,
          39.64284904
        ]
      }
    },
    {
      "type": "Feature",
      "properties": {
        "kind": "signal",
        "id": "R-SN8",
        "chainage_m": 42600.0,
        "pk": "PK 42+600.0",
        "track": 2,
        "type": "Retroceso",
        "heading_deg": 165.4
      },
      "geometry": {
        "type": "Point",
        "coordinates": [
          3.0148263,
          39.64284904
        ]
      }
    },
    {
      "type": "Feature",
      "properties": {
        "kind": "signal",
        "id": "E-SN9",
        "chainage_m": 42700.0,
        "pk": "PK 42+700.0",
        "track": 2,
        "type": "Entrada",
        "heading_deg": 164.7
      },
      "geometry": {
        "type": "Point",
        "coordinates": [
          3.01513617,
          39.64196803
        ]
      }
    },
    {
      "type": "Feature",
      "properties": {
        "kind": "signal",
        "id": "A-SN10",
        "chainage_m": 43400.0,
        "pk": "PK 43+400.0",
        "track": 2,
        "type": "Avanzada",
        "heading_deg": 146.8
      },
      "geometry": {
        "type": "Point",
        "coordinates": [
          3.01969312,
          39.63688094
        ]
      }
    },
    {
      "type": "Feature",
      "properties": {
        "kind": "signal",
        "id": "A-PS1",
        "chainage_m": 46800.0,
        "pk": "PK 46+800.0",
        "track": 1,
        "type": "Avanzada",
        "heading_deg": 70.2
      },
      "geometry": {
        "type": "Point",
        "coordinates": [
          3.04137199,
          39.61983818
        ]
      }
    },
    {
      "type": "Feature",
      "properties": {
        "kind": "signal",
        "id": "E-PS2",
        "chainage_m": 47400.0,
        "pk": "PK 47+400.0",
        "track": 1,
        "type": "Entrada",
        "heading_deg": 70.8
      },
      "geometry": {
        "type": "Point",
        "coordinates": [
          3.04813914,
          39.62171561
        ]
      }
    },
    {
      "type": "Feature",
      "properties": {
        "kind": "signal",
        "id": "R-PS3",
        "chainage_m": 47620.0,
        "pk": "PK 47+620.0",
        "track": 1,
        "type": "Retroceso",
        "heading_deg": 69.5
      },
      "geometry": {
        "type": "Point",
        "coordinates": [
          3.05061796,
          39.62240933
        ]
      }
    },
    {
      "type": "Feature",
      "properties": {
        "kind": "signal",
        "id": "S-PS4",
        "chainage_m": 47700.0,
        "pk": "PK 47+700.0",
        "track": 2,
        "type": "Salida",
        "heading_deg": 70.6
      },
      "geometry": {
        "type": "Point",
        "coordinates": [
          3.05152017,
          39.62265982
        ]
      }
    },
    {
      "type": "Feature",
      "properties": {
        "kind": "signal",
        "id": "S-PS6",
        "chainage_m": 47900.0,
        "pk": "PK 47+900.0",
        "track": 1,
        "type": "Salida",
        "heading_deg": 69.7
      },
      "geometry": {
        "type": "Point",
        "coordinates": [
          3.05369859,
          39.62326901
        ]
      }
    },
    {
      "type": "Feature",
      "properties": {
        "kind": "signal",
        "id": "R-PS8",
        "chainage_m": 47900.0,
        "pk": "PK 47+900.0",
        "track": 2,
        "type": "Retroceso",
        "heading_deg": 69.7
      },
      "geometry": {
        "type": "Point",
        "coordinates": [
          3.05369859,
          39.62326901
        ]
      }
    },
    {
      "type": "Feature",
      "properties": {
        "kind": "signal",
        "id": "E-PS9",
        "chainage_m": 48100.0,
        "pk": "PK 48+100.0",
        "track": 2,
        "type": "Entrada",
        "heading_deg": 81.0
      },
      "geometry": {
        "type": "Point",
        "coordinates": [
          3.05591286,
          39.62378494
        ]
      }
    },
    {
      "type": "Feature",
      "properties": {
        "kind": "signal",
        "id": "A-PS10",
        "chainage_m": 48500.0,
        "pk": "PK 48+500.0",
        "track": 2,
        "type": "Avanzada",
        "heading_deg": 136.2
      },
      "geometry": {
        "type": "Point",
        "coordinates": [
          3.06006592,
          39.6225728
        ]
      }
    },
    {
      "type": "Feature",
      "properties": {
        "kind": "signal",
        "id": "A-PE1",
        "chainage_m": 52200.0,
        "pk": "PK 52+200.0",
        "track": 1,
        "type": "Avanzada",
        "heading_deg": 86.5
      },
      "geometry": {
        "type": "Point",
        "coordinates": [
          3.10030841,
          39.61635735
        ]
      }
    },
    {
      "type": "Feature",
      "properties": {
        "kind": "signal",
        "id": "E-PE2",
        "chainage_m": 52900.0,
        "pk": "PK 52+900.0",
        "track": 1,
        "type": "Entrada",
        "heading_deg": 64.8
      },
      "geometry": {
        "type": "Point",
        "coordinates": [
          3.10832328,
          39.61705245
        ]
      }
    },
    {
      "type": "Feature",
      "properties": {
        "kind": "signal",
        "id": "S-PE5",
        "chainage_m": 53100.0,
        "pk": "PK 53+100.0",
        "track": 2,
        "type": "Salida",
        "heading_deg": 59.7
      },
      "geometry": {
        "type": "Point",
        "coordinates": [
          3.11034246,
          39.61792826
        ]
      }
    },
    {
      "type": "Feature",
      "properties": {
        "kind": "signal",
        "id": "S-PE6",
        "chainage_m": 53250.0,
        "pk": "PK 53+250.0",
        "track": 1,
        "type": "Salida",
        "heading_deg": 60.2
      },
      "geometry": {
        "type": "Point",
        "coordinates": [
          3.11185835,
          39.61859168
        ]
      }
    },
    {
      "type": "Feature",
      "properties": {
        "kind": "signal",
        "id": "R-PE8",
        "chainage_m": 53300.0,
        "pk": "PK 53+300.0",
        "track": 2,
        "type": "Retroceso",
        "heading_deg": 62.7
      },
      "geometry": {
        "type": "Point",
        "coordinates": [
          3.11236836,
          39.61880896
        ]
      }
    },
    {
      "type": "Feature",
      "properties": {
        "kind": "signal",
        "id": "E-PE9",
        "chainage_m": 53500.0,
        "pk": "PK 53+500.0",
        "track": 1,
        "type": "Entrada",
        "heading_deg": 79.1
      },
      "geometry": {
        "type": "Point",
        "coordinates": [
          3.11456443,
          39.61938709
        ]
      }
    },
    {
      "type": "Feature",
      "properties": {
        "kind": "signal",
        "id": "A-PE10",
        "chainage_m": 54150.0,
        "pk": "PK 54+150.0",
        "track": 2,
        "type": "Avanzada",
        "heading_deg": 144.6
      },
      "geometry": {
        "type": "Point",
        "coordinates": [
          3.1211776,
          39.61721999
        ]
      }
    },
    {
      "type": "Feature",
      "properties": {
        "kind": "signal",
        "id": "A-MN1",
        "chainage_m": 63150.0,
        "pk": "PK 63+150.0",
        "track": 1,
        "type": "Avanzada",
        "heading_deg": 65.9
      },
      "geometry": {
        "type": "Point",
        "coordinates": [
          3.19221503,
          39.56673339
        ]
      }
    },
    {
      "type": "Feature",
      "properties": {
        "kind": "signal",
        "id": "E-MN2",
        "chainage_m": 63850.0,
        "pk": "PK 63+850.0",
        "track": 1,
        "type": "Entrada",
        "heading_deg": 65.8
      },
      "geometry": {
        "type": "Point",
        "coordinates": [
          3.19966197,
          39.5692944
        ]
      }
    },
    {
      "type": "Feature",
      "properties": {
        "kind": "signal",
        "id": "S-MN4",
        "chainage_m": 63950.0,
        "pk": "PK 63+950.0",
        "track": 2,
        "type": "Salida",
        "heading_deg": 65.8
      },
      "geometry": {
        "type": "Point",
        "coordinates": [
          3.20072465,
          39.56966232
        ]
      }
    }
  ]
}